method,episodes,seeds,classification_correct_count,useful_count,useful_intervention_count,noise_count,noise_false_alarm_count,success_count,unsafe_commit_count,unnecessary_intervention_count,recovery_attempt_count,recovery_success_count,probe_count,protocol_cost_sum,planning_regret_sum,probe_informativeness_sum,disagreement_family_accuracy,ci95_disagreement_family_accuracy,useful_disagreement_recall,ci95_useful_disagreement_recall,noise_false_alarm_rate,ci95_noise_false_alarm_rate,calibration_error,ci95_calibration_error,probe_informativeness,ci95_probe_informativeness,task_success,ci95_task_success,unsafe_commit_rate,ci95_unsafe_commit_rate,unnecessary_abstention_recovery_rate,ci95_unnecessary_abstention_recovery_rate,recovery_success,ci95_recovery_success,protocol_cost,ci95_protocol_cost,planning_regret_to_oracle,ci95_planning_regret_to_oracle,stress_level,seed
conformal_risk_filter,1820,1,493,1300,687,520,137,657,0,144,0,0,0,264.383200,713.879477,0.000000,0.270879,0.026149,0.528462,0.036487,0.263462,0.058406,0.230161,0.022554,0.000000,0.000000,0.360989,0.036373,0.000000,0.000000,0.079121,0.042509,0.000000,0.000000,0.145265,0.008782,0.392241,0.051196,0.000000,0
conformal_risk_filter,1820,1,501,1300,686,520,132,665,0,143,0,0,0,263.062400,710.203871,0.000000,0.275275,0.024857,0.527692,0.038567,0.253846,0.045231,0.229473,0.025816,0.000000,0.000000,0.365385,0.039728,0.000000,0.000000,0.078571,0.039589,0.000000,0.000000,0.144540,0.008747,0.390222,0.050723,0.000000,1
conformal_risk_filter,1820,1,446,1300,681,520,128,641,0,139,0,0,0,261.910600,710.399367,0.000000,0.245055,0.025780,0.523846,0.044772,0.246154,0.041595,0.230667,0.023872,0.000000,0.000000,0.352198,0.035263,0.000000,0.000000,0.076374,0.038054,0.000000,0.000000,0.143907,0.009289,0.390329,0.052202,0.000000,2
conformal_risk_filter,1820,1,446,1300,690,520,128,672,0,135,0,0,0,262.918400,710.587194,0.000000,0.245055,0.022989,0.530769,0.041633,0.246154,0.048270,0.227611,0.025790,0.000000,0.000000,0.369231,0.039782,0.000000,0.000000,0.074176,0.038974,0.000000,0.000000,0.144461,0.009331,0.390433,0.053067,0.000000,3
conformal_risk_filter,1820,1,451,1300,724,520,115,649,0,121,0,0,0,266.594800,717.028190,0.000000,0.247802,0.022434,0.556923,0.042168,0.221154,0.042514,0.237317,0.022526,0.000000,0.000000,0.356593,0.037353,0.000000,0.000000,0.066484,0.035010,0.000000,0.000000,0.146481,0.010449,0.393972,0.057108,0.000000,4
conformal_risk_filter,1820,1,485,1300,706,520,132,666,0,138,0,0,0,267.290200,724.139371,0.000000,0.266484,0.023946,0.543077,0.041819,0.253846,0.047942,0.228016,0.022522,0.000000,0.000000,0.365934,0.038242,0.000000,0.000000,0.075824,0.040174,0.000000,0.000000,0.146863,0.009509,0.397879,0.053242,0.000000,5
conformal_risk_filter,1820,1,471,1300,688,520,117,648,0,130,0,0,0,260.287000,698.463103,0.000000,0.258791,0.020578,0.529231,0.046425,0.225000,0.030801,0.235215,0.022382,0.000000,0.000000,0.356044,0.037482,0.000000,0.000000,0.071429,0.034225,0.000000,0.000000,0.143015,0.009932,0.383771,0.053895,0.000000,6
robust_mpc_fallback,1820,1,358,1300,838,520,63,1214,0,77,0,0,0,255.097200,159.204241,0.000000,0.196703,0.013914,0.644615,0.144467,0.121154,0.027555,0.174061,0.020955,0.000000,0.000000,0.667033,0.036917,0.000000,0.000000,0.042308,0.019038,0.000000,0.000000,0.140163,0.014552,0.087475,0.026074,0.000000,0
robust_mpc_fallback,1820,1,371,1300,866,520,55,1182,0,73,0,0,0,257.263200,153.927737,0.000000,0.203846,0.022982,0.666154,0.139646,0.105769,0.020453,0.197945,0.025237,0.000000,0.000000,0.649451,0.047755,0.000000,0.000000,0.040110,0.015862,0.000000,0.000000,0.141353,0.014570,0.084576,0.026179,0.000000,1
robust_mpc_fallback,1820,1,364,1300,836,520,55,1232,1,72,0,0,0,253.772600,157.894560,0.000000,0.200000,0.020100,0.643077,0.145316,0.105769,0.037377,0.197816,0.026273,0.000000,0.000000,0.676923,0.040877,0.000549,0.001077,0.039560,0.018410,0.000000,0.000000,0.139435,0.014722,0.086755,0.026408,0.000000,2
robust_mpc_fallback,1820,1,398,1300,836,520,50,1205,0,64,0,0,0,253.203000,156.695696,0.000000,0.218681,0.019429,0.643077,0.144040,0.096154,0.031284,0.186757,0.023408,0.000000,0.000000,0.662088,0.042241,0.000000,0.000000,0.035165,0.016242,0.000000,0.000000,0.139123,0.014756,0.086097,0.025937,0.000000,3
robust_mpc_fallback,1820,1,366,1300,847,520,63,1197,0,80,0,0,0,255.908600,156.516695,0.000000,0.201099,0.022623,0.651538,0.138136,0.121154,0.036867,0.188573,0.020594,0.000000,0.000000,0.657692,0.038314,0.000000,0.000000,0.043956,0.020416,0.000000,0.000000,0.140609,0.014195,0.085998,0.025903,0.000000,4
robust_mpc_fallback,1820,1,386,1300,858,520,62,1232,0,75,0,0,0,257.152800,152.944846,0.000000,0.212088,0.023204,0.660000,0.144083,0.119231,0.023030,0.188134,0.020451,0.000000,0.000000,0.676923,0.037591,0.000000,0.000000,0.041209,0.018293,0.000000,0.000000,0.141293,0.014626,0.084036,0.026178,0.000000,5
robust_mpc_fallback,1820,1,355,1300,836,520,59,1197,0,82,0,0,0,254.299600,157.694384,0.000000,0.195055,0.022823,0.643077,0.145039,0.113462,0.015336,0.193576,0.026133,0.000000,0.000000,0.657692,0.044860,0.000000,0.000000,0.045055,0.016781,0.000000,0.000000,0.139725,0.014561,0.086645,0.026433,0.000000,6
failure_aware_rl_recovery,1820,1,517,1300,942,520,31,1305,0,46,833,733,0,306.845500,106.354812,0.000000,0.284066,0.022609,0.724615,0.136019,0.059615,0.023472,0.241990,0.035258,0.000000,0.000000,0.717033,0.052936,0.000000,0.000000,0.025275,0.011846,0.879952,0.071612,0.168596,0.020258,0.058437,0.025652,0.000000,0
failure_aware_rl_recovery,1820,1,519,1300,950,520,42,1263,0,64,854,725,0,309.424800,105.038460,0.000000,0.285165,0.026786,0.730769,0.132192,0.080769,0.023706,0.242556,0.029484,0.000000,0.000000,0.693956,0.053089,0.000000,0.000000,0.035165,0.013949,0.848946,0.088867,0.170014,0.019793,0.057713,0.025028,0.000000,1
failure_aware_rl_recovery,1820,1,489,1300,913,520,35,1298,0,53,836,728,0,304.002100,108.015342,0.000000,0.268681,0.019392,0.702308,0.147211,0.067308,0.026504,0.227188,0.033458,0.000000,0.000000,0.713187,0.049529,0.000000,0.000000,0.029121,0.011906,0.870813,0.040900,0.167034,0.020600,0.059349,0.025940,0.000000,2
failure_aware_rl_recovery,1820,1,541,1300,928,520,38,1289,0,52,839,735,0,306.219400,108.294018,0.000000,0.297253,0.021037,0.713846,0.141356,0.073077,0.024363,0.250087,0.033062,0.000000,0.000000,0.708242,0.057683,0.000000,0.000000,0.028571,0.012777,0.876043,0.058360,0.168252,0.020282,0.059502,0.025988,0.000000,3
failure_aware_rl_recovery,1820,1,547,1300,931,520,20,1316,0,37,822,725,0,303.873600,107.875426,0.000000,0.300549,0.023893,0.716154,0.139924,0.038462,0.015892,0.247080,0.035217,0.000000,0.000000,0.723077,0.051879,0.000000,0.000000,0.020330,0.008596,0.881995,0.067905,0.166964,0.020708,0.059272,0.025919,0.000000,4
failure_aware_rl_recovery,1820,1,527,1300,913,520,34,1300,0,49,834,732,0,303.798500,107.992159,0.000000,0.289560,0.018539,0.702308,0.145301,0.065385,0.017945,0.240628,0.035032,0.000000,0.000000,0.714286,0.054307,0.000000,0.000000,0.026923,0.011271,0.877698,0.069252,0.166922,0.020480,0.059336,0.025742,0.000000,5
failure_aware_rl_recovery,1820,1,564,1300,918,520,26,1278,0,37,821,704,0,303.067600,108.943128,0.000000,0.309890,0.028357,0.706154,0.144359,0.050000,0.023303,0.239576,0.035031,0.000000,0.000000,0.702198,0.055529,0.000000,0.000000,0.020330,0.010126,0.857491,0.107908,0.166521,0.020724,0.059859,0.026201,0.000000,6
worldbench_diagnostic_probe,1820,1,927,1300,1227,520,424,1049,0,0,0,0,1651,429.019200,385.696897,980.769654,0.509341,0.029252,0.943846,0.030692,0.815385,0.123384,0.132558,0.017861,0.594046,0.050752,0.576374,0.026336,0.000000,0.000000,0.000000,0.000000,0.000000,0.000000,0.235725,0.006939,0.211921,0.025845,0.000000,0
worldbench_diagnostic_probe,1820,1,949,1300,1235,520,429,1100,0,0,0,0,1664,430.797250,388.453067,990.054552,0.521429,0.029309,0.950000,0.025191,0.825000,0.117116,0.143001,0.014605,0.594985,0.048075,0.604396,0.018302,0.000000,0.000000,0.000000,0.000000,0.000000,0.000000,0.236702,0.006572,0.213436,0.026157,0.000000,1
worldbench_diagnostic_probe,1820,1,974,1300,1226,520,433,1122,0,0,2,2,1657,430.063000,387.648234,1012.805801,0.535165,0.022630,0.943077,0.032313,0.832692,0.116114,0.150782,0.014327,0.611229,0.052581,0.616484,0.024332,0.000000,0.000000,0.000000,0.000000,1.000000,0.000000,0.236298,0.006678,0.212994,0.025702,0.000000,2
worldbench_diagnostic_probe,1820,1,996,1300,1253,520,446,1066,0,0,0,0,1699,435.697100,390.468413,1040.481064,0.547253,0.028964,0.963846,0.019135,0.857692,0.093887,0.134924,0.014843,0.612408,0.055077,0.585714,0.022623,0.000000,0.000000,0.000000,0.000000,0.000000,0.000000,0.239394,0.005643,0.214543,0.025892,0.000000,3
worldbench_diagnostic_probe,1820,1,967,1300,1232,520,430,1094,1,0,1,1,1659,430.433700,389.624780,1000.764488,0.531319,0.024583,0.947692,0.029238,0.826923,0.115426,0.138657,0.013759,0.603234,0.050977,0.601099,0.019628,0.000549,0.001077,0.000000,0.000000,1.000000,0.000000,0.236502,0.006614,0.214080,0.026052,0.000000,4
worldbench_diagnostic_probe,1820,1,997,1300,1241,520,423,1074,0,0,0,0,1664,430.643250,385.759646,1027.539338,0.547802,0.028965,0.954615,0.023527,0.813462,0.134506,0.149506,0.014234,0.617512,0.054643,0.590110,0.030311,0.000000,0.000000,0.000000,0.000000,0.000000,0.000000,0.236617,0.006956,0.211956,0.025949,0.000000,5
worldbench_diagnostic_probe,1820,1,948,1300,1243,520,446,1092,1,0,0,0,1689,434.187300,390.020819,1002.998310,0.520879,0.022359,0.956154,0.022670,0.857692,0.096212,0.153446,0.017410,0.593842,0.048613,0.600000,0.026441,0.000549,0.001077,0.000000,0.000000,0.000000,0.000000,0.238564,0.005580,0.214297,0.025713,0.000000,6
ensemble_forecasting_calibrator,1820,1,756,1300,493,520,29,1011,0,29,0,0,257,174.430800,260.746473,195.244881,0.415385,0.019001,0.379231,0.068455,0.055769,0.017273,0.164480,0.022669,0.759708,0.116456,0.555495,0.030350,0.000000,0.000000,0.015934,0.009710,0.000000,0.000000,0.095841,0.009627,0.143267,0.032403,0.000000,0
ensemble_forecasting_calibrator,1820,1,783,1300,500,520,26,1043,0,25,0,0,235,174.405800,253.935260,178.977467,0.430220,0.024680,0.384615,0.058555,0.050000,0.013991,0.148361,0.019719,0.761606,0.117543,0.573077,0.027806,0.000000,0.000000,0.013736,0.008403,0.000000,0.000000,0.095827,0.009099,0.139525,0.031695,0.000000,1
ensemble_forecasting_calibrator,1820,1,792,1300,504,520,28,1005,1,26,0,0,262,176.107650,259.213149,201.163436,0.435165,0.025206,0.387692,0.065382,0.053846,0.023706,0.162974,0.023305,0.767799,0.117345,0.552198,0.028052,0.000549,0.001077,0.014286,0.009568,0.000000,0.000000,0.096762,0.009821,0.142425,0.032392,0.000000,2
ensemble_forecasting_calibrator,1820,1,747,1300,501,520,26,1003,0,26,0,0,261,175.208350,260.080565,198.658594,0.410440,0.022390,0.385385,0.072714,0.050000,0.019626,0.167376,0.024218,0.761144,0.116560,0.551099,0.028448,0.000000,0.000000,0.014286,0.009315,0.000000,0.000000,0.096268,0.010107,0.142901,0.032597,0.000000,3
ensemble_forecasting_calibrator,1820,1,709,1300,479,520,21,1060,0,21,0,0,234,171.319100,259.841564,163.674504,0.389560,0.028170,0.368462,0.066281,0.040385,0.014270,0.139980,0.014956,0.699464,0.106204,0.582418,0.029464,0.000000,0.000000,0.011538,0.007281,0.000000,0.000000,0.094131,0.009406,0.142770,0.032038,0.000000,4
ensemble_forecasting_calibrator,1820,1,720,1300,525,520,27,1043,0,25,0,0,270,177.902300,255.920302,206.339629,0.395604,0.026191,0.403846,0.065394,0.051923,0.020298,0.149070,0.017202,0.764221,0.115736,0.573077,0.023728,0.000000,0.000000,0.013736,0.009472,0.000000,0.000000,0.097749,0.009723,0.140616,0.031868,0.000000,5
ensemble_forecasting_calibrator,1820,1,746,1300,492,520,25,1008,0,24,0,0,243,173.511450,254.736018,184.441752,0.409890,0.030232,0.378462,0.054826,0.048077,0.021211,0.156679,0.018783,0.759020,0.115272,0.553846,0.021951,0.000000,0.000000,0.013187,0.009370,0.000000,0.000000,0.095336,0.008810,0.139965,0.031791,0.000000,6
proposed_disagreement_protocol,1820,1,1119,1300,1290,520,15,1271,0,14,261,225,505,358.454850,155.658608,421.385891,0.614835,0.025225,0.992308,0.006155,0.028846,0.017989,0.191178,0.029449,0.834428,0.122766,0.698352,0.036885,0.000000,0.000000,0.007692,0.007443,0.862069,0.052671,0.196953,0.019210,0.085527,0.023510,0.000000,0
proposed_disagreement_protocol,1820,1,1130,1300,1285,520,10,1205,0,15,260,218,504,357.221950,153.134643,445.945798,0.620879,0.028137,0.988462,0.008142,0.019231,0.012564,0.200059,0.024093,0.884813,0.133596,0.662088,0.037891,0.000000,0.000000,0.008242,0.006041,0.838462,0.203567,0.196276,0.019337,0.084140,0.023011,0.000000,1
proposed_disagreement_protocol,1820,1,1166,1300,1281,520,17,1241,0,18,259,240,508,357.433900,152.827366,447.963313,0.640659,0.026709,0.985385,0.010272,0.032692,0.025160,0.209679,0.034132,0.881818,0.131703,0.681868,0.050884,0.000000,0.000000,0.009890,0.008927,0.926641,0.036779,0.196392,0.019003,0.083971,0.023035,0.000000,2
proposed_disagreement_protocol,1820,1,1174,1300,1289,520,11,1285,0,19,260,228,501,357.590000,152.886755,440.351320,0.645055,0.022143,0.991538,0.007564,0.021154,0.014270,0.195402,0.028415,0.878945,0.133223,0.706044,0.041937,0.000000,0.000000,0.010440,0.006618,0.876923,0.049935,0.196478,0.019366,0.084004,0.023801,0.000000,3
proposed_disagreement_protocol,1820,1,1126,1300,1284,520,9,1266,0,14,260,217,497,356.631400,152.451913,436.685196,0.618681,0.027533,0.987692,0.007501,0.017308,0.008795,0.180128,0.026177,0.878642,0.129922,0.695604,0.035355,0.000000,0.000000,0.007692,0.005397,0.834615,0.203876,0.195951,0.019301,0.083765,0.023855,0.000000,4
proposed_disagreement_protocol,1820,1,1117,1300,1280,520,10,1241,0,13,257,213,498,356.002200,152.730706,420.356776,0.613736,0.026149,0.984615,0.011515,0.019231,0.009732,0.187112,0.026931,0.844090,0.125711,0.681868,0.034668,0.000000,0.000000,0.007143,0.004113,0.828794,0.037474,0.195606,0.019111,0.083918,0.023514,0.000000,5
proposed_disagreement_protocol,1820,1,1148,1300,1284,520,12,1282,0,21,259,236,499,357.050050,152.328693,444.288717,0.630769,0.026305,0.987692,0.010634,0.023077,0.014652,0.210767,0.030815,0.890358,0.135138,0.704396,0.043899,0.000000,0.000000,0.011538,0.006219,0.911197,0.262339,0.196181,0.019263,0.083697,0.023539,0.000000,6
oracle_disagreement_type,1820,1,1820,1300,1300,520,70,1363,0,132,1322,1052,0,292.952400,0.000000,0.000000,1.000000,0.000000,1.000000,0.000000,0.134615,0.058393,0.149052,0.020912,0.000000,0.000000,0.748901,0.034585,0.000000,0.000000,0.072527,0.025999,0.795764,0.043558,0.160963,0.018971,0.000000,0.000000,0.000000,0
oracle_disagreement_type,1820,1,1820,1300,1300,520,75,1369,0,122,1325,1066,0,293.574600,0.000000,0.000000,1.000000,0.000000,1.000000,0.000000,0.144231,0.046758,0.144789,0.021703,0.000000,0.000000,0.752198,0.034957,0.000000,0.000000,0.067033,0.025549,0.804528,0.029887,0.161305,0.018743,0.000000,0.000000,0.000000,1
oracle_disagreement_type,1820,1,1820,1300,1300,520,81,1404,0,127,1329,1094,0,294.357700,0.000000,0.000000,1.000000,0.000000,1.000000,0.000000,0.155769,0.049449,0.162787,0.020531,0.000000,0.000000,0.771429,0.037526,0.000000,0.000000,0.069780,0.026857,0.823175,0.050360,0.161735,0.018591,0.000000,0.000000,0.000000,2
oracle_disagreement_type,1820,1,1820,1300,1300,520,76,1384,0,122,1326,1061,0,293.701400,0.000000,0.000000,1.000000,0.000000,1.000000,0.000000,0.146154,0.060308,0.142586,0.022238,0.000000,0.000000,0.760440,0.032646,0.000000,0.000000,0.067033,0.026959,0.800151,0.048803,0.161374,0.018767,0.000000,0.000000,0.000000,3
oracle_disagreement_type,1820,1,1820,1300,1300,520,86,1393,0,148,1330,1079,0,294.983500,0.000000,0.000000,1.000000,0.000000,1.000000,0.000000,0.165385,0.062871,0.160363,0.021311,0.000000,0.000000,0.765385,0.036232,0.000000,0.000000,0.081319,0.032746,0.811278,0.037932,0.162079,0.018380,0.000000,0.000000,0.000000,4
oracle_disagreement_type,1820,1,1820,1300,1300,520,81,1369,0,138,1324,1051,0,294.213000,0.000000,0.000000,1.000000,0.000000,1.000000,0.000000,0.155769,0.032497,0.135308,0.021021,0.000000,0.000000,0.752198,0.028018,0.000000,0.000000,0.075824,0.024576,0.793807,0.021031,0.161655,0.018506,0.000000,0.000000,0.000000,5
oracle_disagreement_type,1820,1,1820,1300,1300,520,74,1395,0,118,1324,1078,0,293.437000,0.000000,0.000000,1.000000,0.000000,1.000000,0.000000,0.142308,0.047744,0.146585,0.021478,0.000000,0.000000,0.766484,0.034867,0.000000,0.000000,0.064835,0.025814,0.814199,0.033331,0.161229,0.018782,0.000000,0.000000,0.000000,6
conformal_risk_filter,1820,1,462,1300,815,520,182,576,1,188,0,0,0,293.500800,776.378271,0.000000,0.253846,0.018336,0.626923,0.041859,0.350000,0.050194,0.259030,0.028604,0.000000,0.000000,0.316484,0.041039,0.000549,0.001077,0.103297,0.054305,0.000000,0.000000,0.161264,0.008969,0.426581,0.047382,0.200000,0
conformal_risk_filter,1820,1,452,1300,803,520,184,564,0,196,0,0,0,291.560000,769.472453,0.000000,0.248352,0.025172,0.617692,0.042828,0.353846,0.047412,0.263853,0.025596,0.000000,0.000000,0.309890,0.035229,0.000000,0.000000,0.107692,0.054308,0.000000,0.000000,0.160198,0.008645,0.422787,0.045345,0.200000,1
conformal_risk_filter,1820,1,463,1300,789,520,162,596,0,166,0,0,0,285.491200,750.860636,0.000000,0.254396,0.023793,0.606923,0.042537,0.311538,0.050194,0.243420,0.025963,0.000000,0.000000,0.327473,0.039411,0.000000,0.000000,0.091209,0.048897,0.000000,0.000000,0.156863,0.009468,0.412561,0.050230,0.200000,2
conformal_risk_filter,1820,1,444,1300,821,520,155,590,0,168,0,0,0,290.150400,765.465087,0.000000,0.243956,0.023012,0.631538,0.034179,0.298077,0.064126,0.264607,0.021117,0.000000,0.000000,0.324176,0.034901,0.000000,0.000000,0.092308,0.047797,0.000000,0.000000,0.159423,0.010136,0.420585,0.053563,0.200000,3
conformal_risk_filter,1820,1,454,1300,815,520,170,585,0,187,0,0,0,292.540800,781.029899,0.000000,0.249451,0.026063,0.626923,0.037250,0.326923,0.048007,0.247154,0.019131,0.000000,0.000000,0.321429,0.033698,0.000000,0.000000,0.102747,0.049903,0.000000,0.000000,0.160737,0.009423,0.429137,0.051122,0.200000,4
conformal_risk_filter,1820,1,446,1300,813,520,180,569,0,191,0,0,0,293.290600,777.964454,0.000000,0.245055,0.025171,0.625385,0.049534,0.346154,0.039731,0.260373,0.023018,0.000000,0.000000,0.312637,0.033583,0.000000,0.000000,0.104945,0.052591,0.000000,0.000000,0.161149,0.009640,0.427453,0.048791,0.200000,5
conformal_risk_filter,1820,1,461,1300,782,520,177,591,0,188,0,0,0,287.192600,761.470861,0.000000,0.253297,0.019453,0.601538,0.030195,0.340385,0.039352,0.259527,0.023486,0.000000,0.000000,0.324725,0.035127,0.000000,0.000000,0.103297,0.051669,0.000000,0.000000,0.157798,0.007861,0.418391,0.045869,0.200000,6
robust_mpc_fallback,1820,1,361,1300,884,520,80,1228,0,93,0,0,0,266.310400,150.830387,0.000000,0.198352,0.027459,0.680000,0.133491,0.153846,0.036845,0.190693,0.025144,0.000000,0.000000,0.674725,0.037162,0.000000,0.000000,0.051099,0.024624,0.000000,0.000000,0.146324,0.014431,0.082874,0.024185,0.200000,0
robust_mpc_fallback,1820,1,355,1300,885,520,75,1179,0,95,0,0,0,265.648000,149.523462,0.000000,0.195055,0.025909,0.680769,0.132924,0.144231,0.036088,0.200542,0.026570,0.000000,0.000000,0.647802,0.042480,0.000000,0.000000,0.052198,0.022897,0.000000,0.000000,0.145960,0.014447,0.082156,0.025258,0.200000,1
robust_mpc_fallback,1820,1,355,1300,856,520,73,1188,0,88,0,0,0,261.929600,151.396270,0.000000,0.195055,0.020624,0.658462,0.135050,0.140385,0.038949,0.198853,0.021777,0.000000,0.000000,0.652747,0.041172,0.000000,0.000000,0.048352,0.022677,0.000000,0.000000,0.143917,0.014379,0.083185,0.024481,0.200000,2
robust_mpc_fallback,1820,1,371,1300,875,520,71,1199,0,84,0,0,0,263.927400,149.735606,0.000000,0.203846,0.023137,0.673077,0.129569,0.136538,0.019013,0.188692,0.023589,0.000000,0.000000,0.658791,0.039072,0.000000,0.000000,0.046154,0.020570,0.000000,0.000000,0.145015,0.014259,0.082272,0.025163,0.200000,3
robust_mpc_fallback,1820,1,370,1300,872,520,62,1193,1,76,0,0,0,262.828800,150.385883,0.000000,0.203297,0.022620,0.670769,0.137225,0.119231,0.025002,0.204556,0.027086,0.000000,0.000000,0.655495,0.040246,0.000549,0.001077,0.041758,0.018445,0.000000,0.000000,0.144411,0.014918,0.082630,0.025180,0.200000,4
robust_mpc_fallback,1820,1,373,1300,862,520,71,1177,0,85,0,0,0,262.365800,150.553191,0.000000,0.204945,0.017341,0.663077,0.141269,0.136538,0.021359,0.188713,0.026892,0.000000,0.000000,0.646703,0.044035,0.000000,0.000000,0.046703,0.020863,0.000000,0.000000,0.144157,0.014818,0.082722,0.025425,0.200000,5
robust_mpc_fallback,1820,1,353,1300,871,520,66,1175,0,79,0,0,0,262.885800,153.265643,0.000000,0.193956,0.019751,0.670000,0.133523,0.126923,0.032375,0.195747,0.024304,0.000000,0.000000,0.645604,0.040891,0.000000,0.000000,0.043407,0.020345,0.000000,0.000000,0.144443,0.014587,0.084212,0.025003,0.200000,6
failure_aware_rl_recovery,1820,1,500,1300,986,520,68,1310,0,90,882,767,0,322.422000,101.736975,0.000000,0.274725,0.028391,0.758462,0.118398,0.130769,0.023030,0.258125,0.038019,0.000000,0.000000,0.719780,0.053087,0.000000,0.000000,0.049451,0.019441,0.869615,0.062525,0.177155,0.019141,0.055899,0.023726,0.200000,0
failure_aware_rl_recovery,1820,1,488,1300,969,520,60,1290,0,76,862,741,0,318.868300,104.595960,0.000000,0.268132,0.021071,0.745385,0.125206,0.115385,0.035090,0.257410,0.032162,0.000000,0.000000,0.708791,0.048966,0.000000,0.000000,0.041758,0.018956,0.859629,0.046263,0.175202,0.019777,0.057470,0.024825,0.200000,1
failure_aware_rl_recovery,1820,1,510,1300,987,520,54,1299,0,70,860,723,0,320.108700,102.738763,0.000000,0.280220,0.023038,0.759231,0.118678,0.103846,0.025871,0.240381,0.032464,0.000000,0.000000,0.713736,0.041829,0.000000,0.000000,0.038462,0.016857,0.840698,0.053395,0.175884,0.019709,0.056450,0.024483,0.200000,2
failure_aware_rl_recovery,1820,1,490,1300,974,520,57,1302,0,71,862,733,0,318.961900,103.611659,0.000000,0.269231,0.021688,0.749231,0.122939,0.109615,0.031310,0.253967,0.036975,0.000000,0.000000,0.715385,0.048664,0.000000,0.000000,0.039011,0.019081,0.850348,0.059517,0.175254,0.019747,0.056929,0.024656,0.200000,3
failure_aware_rl_recovery,1820,1,486,1300,970,520,47,1308,0,66,852,742,0,317.061100,102.663193,0.000000,0.267033,0.022434,0.746154,0.122814,0.090385,0.025779,0.262795,0.037399,0.000000,0.000000,0.718681,0.050430,0.000000,0.000000,0.036264,0.014559,0.870892,0.066266,0.174209,0.019934,0.056408,0.024008,0.200000,4
failure_aware_rl_recovery,1820,1,499,1300,979,520,52,1299,0,69,859,741,0,318.922500,104.469185,0.000000,0.274176,0.024449,0.753077,0.119861,0.100000,0.030154,0.247948,0.035862,0.000000,0.000000,0.713736,0.049054,0.000000,0.000000,0.037912,0.016461,0.862631,0.052744,0.175232,0.019736,0.057401,0.024553,0.200000,5
failure_aware_rl_recovery,1820,1,496,1300,971,520,54,1274,0,72,860,705,0,318.296800,102.466205,0.000000,0.272527,0.026964,0.746923,0.122170,0.103846,0.032375,0.237167,0.028967,0.000000,0.000000,0.700000,0.041411,0.000000,0.000000,0.039560,0.017750,0.819767,0.082067,0.174888,0.019740,0.056300,0.024063,0.200000,6
worldbench_diagnostic_probe,1820,1,918,1300,1251,520,449,1102,1,0,2,2,1695,445.753850,403.683343,989.426750,0.504396,0.023993,0.962308,0.021264,0.863462,0.091890,0.147778,0.017711,0.583733,0.051042,0.605495,0.024982,0.000549,0.001077,0.000000,0.000000,1.000000,0.000000,0.244920,0.005559,0.221804,0.024919,0.200000,0
worldbench_diagnostic_probe,1820,1,949,1300,1246,520,443,1050,0,0,2,1,1685,444.389750,403.333577,995.938297,0.521429,0.023321,0.958462,0.022686,0.851923,0.100991,0.149224,0.015970,0.591061,0.050875,0.576923,0.024868,0.000000,0.000000,0.000000,0.000000,0.500000,0.980000,0.244170,0.006125,0.221612,0.025088,0.200000,1
worldbench_diagnostic_probe,1820,1,889,1300,1255,520,434,1041,1,0,5,4,1680,444.340150,400.003362,959.428479,0.488462,0.028668,0.965385,0.016996,0.834615,0.110564,0.153711,0.014426,0.571088,0.049554,0.571978,0.029251,0.000549,0.001077,0.000000,0.000000,0.800000,0.490000,0.244143,0.006435,0.219782,0.025077,0.200000,2
worldbench_diagnostic_probe,1820,1,962,1300,1255,520,434,1026,2,0,2,1,1683,444.109000,401.194398,1001.722410,0.528571,0.020228,0.965385,0.018077,0.834615,0.109704,0.139566,0.017902,0.595200,0.049510,0.563736,0.024953,0.001099,0.001500,0.000000,0.000000,0.500000,0.980000,0.244016,0.006276,0.220436,0.025218,0.200000,3
worldbench_diagnostic_probe,1820,1,947,1300,1243,520,443,1070,1,0,1,1,1683,443.903000,403.032002,989.348260,0.520330,0.022969,0.956154,0.021709,0.851923,0.098618,0.158080,0.014827,0.587848,0.049815,0.587912,0.028962,0.000549,0.001077,0.000000,0.000000,1.000000,0.000000,0.243903,0.005968,0.221446,0.025272,0.200000,4
worldbench_diagnostic_probe,1820,1,933,1300,1241,520,446,1041,0,0,0,0,1686,443.962850,405.167436,992.525469,0.512637,0.024865,0.954615,0.022286,0.857692,0.095883,0.150335,0.016618,0.588687,0.053104,0.571978,0.026869,0.000000,0.000000,0.000000,0.000000,0.000000,0.000000,0.243936,0.005747,0.222619,0.025583,0.200000,5
worldbench_diagnostic_probe,1820,1,899,1300,1260,520,454,1037,0,0,0,0,1713,447.878750,404.801142,993.329710,0.493956,0.028188,0.969231,0.015843,0.873077,0.090112,0.139024,0.017957,0.579877,0.048615,0.569780,0.027298,0.000000,0.000000,0.000000,0.000000,0.000000,0.000000,0.246087,0.005431,0.222418,0.025331,0.200000,6
ensemble_forecasting_calibrator,1820,1,678,1300,534,520,41,1024,0,42,0,0,238,182.722250,248.703946,175.414553,0.372527,0.030323,0.410769,0.062463,0.078846,0.040303,0.156575,0.014938,0.737036,0.112583,0.562637,0.027090,0.000000,0.000000,0.023077,0.016265,0.000000,0.000000,0.100397,0.009707,0.136651,0.031005,0.200000,0
ensemble_forecasting_calibrator,1820,1,697,1300,561,520,40,1025,2,39,0,0,252,186.003900,249.961822,186.691207,0.382967,0.023957,0.431538,0.061477,0.076923,0.023167,0.170814,0.019571,0.740838,0.112981,0.563187,0.027188,0.001099,0.001500,0.021429,0.012721,0.000000,0.000000,0.102200,0.009920,0.137342,0.031151,0.200000,1
ensemble_forecasting_calibrator,1820,1,706,1300,592,520,35,1020,0,37,0,0,264,189.493750,245.341805,202.185123,0.387912,0.028513,0.455385,0.066140,0.067308,0.024653,0.171681,0.019032,0.765853,0.117731,0.560440,0.026547,0.000000,0.000000,0.020330,0.012162,0.000000,0.000000,0.104117,0.010817,0.134803,0.030438,0.200000,2
ensemble_forecasting_calibrator,1820,1,696,1300,563,520,39,1036,0,40,0,0,266,186.616850,249.294949,181.437620,0.382418,0.029954,0.433077,0.067219,0.075000,0.023472,0.153979,0.018136,0.682096,0.104439,0.569231,0.024442,0.000000,0.000000,0.021978,0.012472,0.000000,0.000000,0.102537,0.010483,0.136975,0.030996,0.200000,3
ensemble_forecasting_calibrator,1820,1,713,1300,524,520,41,1045,0,38,0,0,245,181.694650,247.701944,178.465092,0.391758,0.031822,0.403077,0.061570,0.078846,0.033923,0.160142,0.021782,0.728429,0.109217,0.574176,0.022453,0.000000,0.000000,0.020879,0.014024,0.000000,0.000000,0.099832,0.009505,0.136100,0.031072,0.200000,4
ensemble_forecasting_calibrator,1820,1,691,1300,577,520,48,1056,0,49,0,0,252,188.848700,242.154714,184.087138,0.379670,0.024547,0.443846,0.054139,0.092308,0.021616,0.152511,0.017138,0.730505,0.111570,0.580220,0.025879,0.000000,0.000000,0.026923,0.015156,0.000000,0.000000,0.103763,0.009506,0.133052,0.030001,0.200000,5
ensemble_forecasting_calibrator,1820,1,718,1300,546,520,30,1065,0,28,0,0,242,182.856900,249.992715,177.090263,0.394505,0.025874,0.420000,0.059743,0.057692,0.023167,0.151999,0.022788,0.731778,0.113052,0.585165,0.022986,0.000000,0.000000,0.015385,0.010457,0.000000,0.000000,0.100471,0.009848,0.137359,0.030936,0.200000,6
proposed_disagreement_protocol,1820,1,1078,1300,1280,520,34,1232,0,25,258,214,500,365.756100,157.588443,425.511939,0.592308,0.026214,0.984615,0.010661,0.065385,0.021173,0.191985,0.022811,0.851024,0.126242,0.676923,0.033953,0.000000,0.000000,0.013736,0.007814,0.829457,0.078877,0.200965,0.019045,0.086587,0.024183,0.200000,0
proposed_disagreement_protocol,1820,1,1069,1300,1283,520,23,1229,0,20,256,218,500,365.103000,162.806441,420.475582,0.587363,0.027222,0.986923,0.008349,0.044231,0.012627,0.191326,0.030063,0.840951,0.122936,0.675275,0.035398,0.000000,0.000000,0.010989,0.006608,0.851562,0.250469,0.200606,0.019505,0.089454,0.024373,0.200000,1
proposed_disagreement_protocol,1820,1,1091,1300,1286,520,28,1240,0,22,261,221,512,366.122150,159.032853,429.867051,0.599451,0.026472,0.989231,0.008726,0.053846,0.012310,0.197747,0.027919,0.839584,0.119967,0.681319,0.040095,0.000000,0.000000,0.012088,0.005145,0.846743,0.194377,0.201166,0.019345,0.087381,0.023572,0.200000,2
proposed_disagreement_protocol,1820,1,1070,1300,1282,520,34,1209,0,28,254,218,509,366.589000,164.870591,434.811814,0.587912,0.031452,0.986154,0.009615,0.065385,0.020414,0.188763,0.030723,0.854247,0.120424,0.664286,0.039467,0.000000,0.000000,0.015385,0.009246,0.858268,0.283755,0.201423,0.019102,0.090588,0.023996,0.200000,3
proposed_disagreement_protocol,1820,1,1085,1300,1279,520,32,1214,0,23,257,219,500,365.433500,161.026215,422.508251,0.596154,0.026223,0.983846,0.011449,0.061538,0.023706,0.183896,0.028990,0.845017,0.117282,0.667033,0.038376,0.000000,0.000000,0.012637,0.009003,0.852140,0.290919,0.200788,0.019040,0.088476,0.024342,0.200000,4
proposed_disagreement_protocol,1820,1,1097,1300,1281,520,20,1235,0,17,257,215,500,364.021800,156.369747,420.950900,0.602747,0.023533,0.985385,0.009304,0.038462,0.019464,0.192268,0.026877,0.841902,0.127651,0.678571,0.033306,0.000000,0.000000,0.009341,0.005650,0.836576,0.063984,0.200012,0.019516,0.085917,0.024276,0.200000,5
proposed_disagreement_protocol,1820,1,1059,1300,1281,520,36,1260,0,35,255,221,510,366.852150,165.027906,418.184752,0.581868,0.027915,0.985385,0.011775,0.069231,0.022615,0.209301,0.027287,0.819970,0.119844,0.692308,0.033925,0.000000,0.000000,0.019231,0.010133,0.866667,0.226634,0.201567,0.019053,0.090675,0.024177,0.200000,6
oracle_disagreement_type,1820,1,1820,1300,1300,520,70,1393,0,110,1295,1045,0,298.866400,0.000000,0.000000,1.000000,0.000000,1.000000,0.000000,0.134615,0.049624,0.146240,0.023118,0.000000,0.000000,0.765385,0.029995,0.000000,0.000000,0.060440,0.024585,0.806950,0.027662,0.164212,0.019585,0.000000,0.000000,0.200000,0
oracle_disagreement_type,1820,1,1820,1300,1300,520,75,1373,0,119,1299,1031,0,299.562400,0.000000,0.000000,1.000000,0.000000,1.000000,0.000000,0.144231,0.057370,0.136882,0.023567,0.000000,0.000000,0.754396,0.031406,0.000000,0.000000,0.065385,0.025912,0.793687,0.032892,0.164595,0.019402,0.000000,0.000000,0.200000,1
oracle_disagreement_type,1820,1,1820,1300,1300,520,82,1385,0,119,1296,1047,0,300.206600,0.000000,0.000000,1.000000,0.000000,1.000000,0.000000,0.157692,0.046266,0.147748,0.025378,0.000000,0.000000,0.760989,0.034735,0.000000,0.000000,0.065385,0.027564,0.807870,0.036718,0.164949,0.019137,0.000000,0.000000,0.200000,2
oracle_disagreement_type,1820,1,1820,1300,1300,520,69,1343,0,111,1298,1023,0,298.882900,0.000000,0.000000,1.000000,0.000000,1.000000,0.000000,0.132692,0.052544,0.137976,0.019003,0.000000,0.000000,0.737912,0.032673,0.000000,0.000000,0.060989,0.026246,0.788136,0.033371,0.164221,0.019600,0.000000,0.000000,0.200000,3
oracle_disagreement_type,1820,1,1820,1300,1300,520,87,1377,0,134,1307,1042,0,301.233900,0.000000,0.000000,1.000000,0.000000,1.000000,0.000000,0.167308,0.072839,0.147271,0.018145,0.000000,0.000000,0.756593,0.030786,0.000000,0.000000,0.073626,0.032724,0.797246,0.034036,0.165513,0.019007,0.000000,0.000000,0.200000,4
oracle_disagreement_type,1820,1,1820,1300,1300,520,77,1337,0,122,1295,1006,0,299.618000,0.000000,0.000000,1.000000,0.000000,1.000000,0.000000,0.148077,0.047694,0.138653,0.020504,0.000000,0.000000,0.734615,0.032221,0.000000,0.000000,0.067033,0.026149,0.776834,0.053502,0.164625,0.019346,0.000000,0.000000,0.200000,5
oracle_disagreement_type,1820,1,1820,1300,1300,520,72,1346,0,117,1296,1001,0,299.139600,0.000000,0.000000,1.000000,0.000000,1.000000,0.000000,0.138462,0.047942,0.130341,0.017218,0.000000,0.000000,0.739560,0.027266,0.000000,0.000000,0.064286,0.025482,0.772377,0.051162,0.164362,0.019473,0.000000,0.000000,0.200000,6
conformal_risk_filter,1820,1,369,1300,864,520,225,535,1,236,0,0,0,308.576200,791.772918,0.000000,0.202747,0.022781,0.664615,0.046219,0.432692,0.053379,0.270655,0.018865,0.000000,0.000000,0.293956,0.031234,0.000549,0.001077,0.129670,0.066199,0.000000,0.000000,0.169547,0.008410,0.435040,0.042553,0.400000,0
conformal_risk_filter,1820,1,415,1300,895,520,215,529,0,223,0,0,0,313.378800,815.890690,0.000000,0.228022,0.025585,0.688462,0.037943,0.413462,0.030389,0.272896,0.021302,0.000000,0.000000,0.290659,0.031318,0.000000,0.000000,0.122527,0.062502,0.000000,0.000000,0.172186,0.008398,0.448292,0.042440,0.400000,1
conformal_risk_filter,1820,1,391,1300,898,520,216,529,0,225,0,0,0,313.464600,810.083646,0.000000,0.214835,0.020235,0.690769,0.030460,0.415385,0.050319,0.272259,0.019679,0.000000,0.000000,0.290659,0.030389,0.000000,0.000000,0.123626,0.063792,0.000000,0.000000,0.172233,0.008330,0.445101,0.045140,0.400000,2
conformal_risk_filter,1820,1,418,1300,863,520,219,562,1,231,0,0,0,308.323200,800.487271,0.000000,0.229670,0.024673,0.663846,0.041866,0.421154,0.047826,0.260823,0.022101,0.000000,0.000000,0.308791,0.026084,0.000549,0.001077,0.126923,0.064052,0.000000,0.000000,0.169408,0.008005,0.439828,0.041319,0.400000,3
conformal_risk_filter,1820,1,420,1300,875,520,195,532,0,202,0,0,0,306.206800,796.294570,0.000000,0.230769,0.020674,0.673077,0.040944,0.375000,0.031909,0.266443,0.022220,0.000000,0.000000,0.292308,0.030858,0.000000,0.000000,0.110989,0.056882,0.000000,0.000000,0.168245,0.009120,0.437524,0.044931,0.400000,4
conformal_risk_filter,1820,1,409,1300,890,520,202,548,0,208,0,0,0,310.033800,801.254933,0.000000,0.224725,0.026888,0.684615,0.031006,0.388462,0.054708,0.262910,0.027146,0.000000,0.000000,0.301099,0.031816,0.000000,0.000000,0.114286,0.060283,0.000000,0.000000,0.170348,0.008585,0.440250,0.045779,0.400000,5
conformal_risk_filter,1820,1,428,1300,879,520,215,537,0,224,0,0,0,309.628000,798.966614,0.000000,0.235165,0.025111,0.676154,0.036910,0.413462,0.030389,0.268319,0.023485,0.000000,0.000000,0.295055,0.035639,0.000000,0.000000,0.123077,0.062409,0.000000,0.000000,0.170125,0.008167,0.438993,0.043847,0.400000,6
robust_mpc_fallback,1820,1,333,1300,927,520,97,1207,0,109,0,0,0,277.832200,149.333347,0.000000,0.182967,0.021095,0.713077,0.109263,0.186538,0.050272,0.226531,0.027717,0.000000,0.000000,0.663187,0.037862,0.000000,0.000000,0.059890,0.030585,0.000000,0.000000,0.152655,0.013508,0.082051,0.022886,0.400000,0
robust_mpc_fallback,1820,1,324,1300,902,520,93,1194,0,103,0,0,0,273.849400,146.776546,0.000000,0.178022,0.020923,0.693846,0.123274,0.178846,0.034201,0.210854,0.027957,0.000000,0.000000,0.656044,0.039811,0.000000,0.000000,0.056593,0.027855,0.000000,0.000000,0.150467,0.014171,0.080646,0.023497,0.400000,1
robust_mpc_fallback,1820,1,322,1300,898,520,115,1179,0,126,0,0,0,276.372600,152.724927,0.000000,0.176923,0.020546,0.690769,0.118973,0.221154,0.046419,0.216052,0.026774,0.000000,0.000000,0.647802,0.039601,0.000000,0.000000,0.069231,0.035006,0.000000,0.000000,0.151853,0.013416,0.083915,0.023899,0.400000,2
robust_mpc_fallback,1820,1,359,1300,905,520,112,1184,0,125,0,0,0,276.317800,146.152227,0.000000,0.197253,0.026556,0.696154,0.121826,0.215385,0.022334,0.214541,0.028397,0.000000,0.000000,0.650549,0.047262,0.000000,0.000000,0.068681,0.032239,0.000000,0.000000,0.151823,0.013533,0.080303,0.023865,0.400000,3
robust_mpc_fallback,1820,1,345,1300,896,520,88,1202,0,98,0,0,0,272.751000,148.639674,0.000000,0.189560,0.021308,0.689231,0.125459,0.169231,0.014652,0.212741,0.026733,0.000000,0.000000,0.660440,0.035269,0.000000,0.000000,0.053846,0.025334,0.000000,0.000000,0.149863,0.014350,0.081670,0.023578,0.400000,4
robust_mpc_fallback,1820,1,338,1300,916,520,94,1201,0,106,0,0,0,275.871800,145.601508,0.000000,0.185714,0.023635,0.704615,0.120495,0.180769,0.034270,0.205787,0.025584,0.000000,0.000000,0.659890,0.038438,0.000000,0.000000,0.058242,0.028176,0.000000,0.000000,0.151578,0.014064,0.080001,0.023786,0.400000,5
robust_mpc_fallback,1820,1,346,1300,890,520,102,1211,0,117,0,0,0,273.750400,151.714676,0.000000,0.190110,0.024175,0.684615,0.121027,0.196154,0.047611,0.197502,0.029650,0.000000,0.000000,0.665385,0.037124,0.000000,0.000000,0.064286,0.031325,0.000000,0.000000,0.150412,0.013783,0.083360,0.023880,0.400000,6
failure_aware_rl_recovery,1820,1,468,1300,1012,520,73,1274,0,85,884,756,0,331.113800,99.468270,0.000000,0.257143,0.024289,0.778462,0.107497,0.140385,0.021061,0.256966,0.040168,0.000000,0.000000,0.700000,0.053040,0.000000,0.000000,0.046703,0.021260,0.855204,0.054676,0.181931,0.019297,0.054653,0.022949,0.400000,0
failure_aware_rl_recovery,1820,1,455,1300,1009,520,89,1279,0,102,910,747,0,333.604500,97.360624,0.000000,0.250000,0.018799,0.776154,0.108522,0.171154,0.024135,0.261369,0.037941,0.000000,0.000000,0.702747,0.047435,0.000000,0.000000,0.056044,0.025735,0.820879,0.070459,0.183299,0.018842,0.053495,0.022559,0.400000,1
failure_aware_rl_recovery,1820,1,465,1300,1022,520,87,1303,0,105,909,767,0,334.808000,97.463068,0.000000,0.255495,0.027363,0.786154,0.104803,0.167308,0.041689,0.268502,0.038703,0.000000,0.000000,0.715934,0.043872,0.000000,0.000000,0.057692,0.026495,0.843784,0.045500,0.183960,0.018839,0.053551,0.022829,0.400000,2
failure_aware_rl_recovery,1820,1,457,1300,1012,520,85,1299,0,98,894,772,0,332.978300,98.898138,0.000000,0.251099,0.021128,0.778462,0.107365,0.163462,0.033830,0.264788,0.043787,0.000000,0.000000,0.713736,0.053635,0.000000,0.000000,0.053846,0.025428,0.863535,0.088414,0.182955,0.018884,0.054340,0.022708,0.400000,3
failure_aware_rl_recovery,1820,1,451,1300,1014,520,97,1290,0,107,900,765,0,334.855300,99.743479,0.000000,0.247802,0.019654,0.780000,0.107232,0.186538,0.053023,0.261900,0.039976,0.000000,0.000000,0.708791,0.050832,0.000000,0.000000,0.058791,0.031248,0.850000,0.082145,0.183986,0.018660,0.054804,0.023418,0.400000,4
failure_aware_rl_recovery,1820,1,447,1300,994,520,96,1311,0,110,899,772,0,332.292900,98.333616,0.000000,0.245604,0.027034,0.764615,0.111523,0.184615,0.029838,0.275115,0.036475,0.000000,0.000000,0.720330,0.049960,0.000000,0.000000,0.060440,0.028077,0.858732,0.066745,0.182579,0.018688,0.054029,0.022836,0.400000,5
failure_aware_rl_recovery,1820,1,436,1300,1018,520,99,1286,0,111,919,786,0,336.215900,96.911037,0.000000,0.239560,0.024740,0.783077,0.106444,0.190385,0.047826,0.276702,0.039515,0.000000,0.000000,0.706593,0.056825,0.000000,0.000000,0.060989,0.030846,0.855277,0.067007,0.184734,0.018547,0.053248,0.022770,0.400000,6
worldbench_diagnostic_probe,1820,1,845,1300,1258,520,459,1010,0,0,4,3,1706,458.632750,417.841023,944.945652,0.464286,0.024488,0.967692,0.015345,0.882692,0.080734,0.160911,0.015345,0.553895,0.046531,0.554945,0.025724,0.000000,0.000000,0.000000,0.000000,0.750000,0.326667,0.251996,0.005361,0.229583,0.024122,0.400000,0
worldbench_diagnostic_probe,1820,1,884,1300,1262,520,469,1004,0,0,6,6,1718,460.695950,415.752933,970.696527,0.485714,0.033512,0.970769,0.015559,0.901923,0.061152,0.170578,0.015732,0.565015,0.047423,0.551648,0.028188,0.000000,0.000000,0.000000,0.000000,1.000000,0.000000,0.253130,0.004808,0.228436,0.023338,0.400000,1
worldbench_diagnostic_probe,1820,1,923,1300,1248,520,455,1020,0,0,7,6,1689,456.464550,414.947314,988.170929,0.507143,0.026589,0.960000,0.022502,0.875000,0.083388,0.160815,0.013265,0.585063,0.052271,0.560440,0.026001,0.000000,0.000000,0.000000,0.000000,0.857143,0.245000,0.250805,0.005613,0.227993,0.023538,0.400000,2
worldbench_diagnostic_probe,1820,1,910,1300,1240,520,453,992,1,0,2,1,1685,454.811800,416.701910,961.098065,0.500000,0.023839,0.953846,0.022927,0.871154,0.087056,0.158777,0.019931,0.570385,0.045837,0.545055,0.026717,0.000549,0.001077,0.000000,0.000000,0.500000,0.980000,0.249897,0.005563,0.228957,0.024569,0.400000,3
worldbench_diagnostic_probe,1820,1,903,1300,1266,520,457,985,0,0,9,7,1706,459.377600,414.447965,968.994858,0.496154,0.028062,0.973846,0.014415,0.878846,0.077867,0.148485,0.015676,0.567992,0.047290,0.541209,0.024292,0.000000,0.000000,0.000000,0.000000,0.777778,0.282902,0.252405,0.005275,0.227719,0.023431,0.400000,4
worldbench_diagnostic_probe,1820,1,866,1300,1243,520,462,994,0,0,9,9,1690,456.821750,415.513897,947.517260,0.475824,0.022358,0.956154,0.022878,0.888462,0.077816,0.167409,0.014959,0.560661,0.045294,0.546154,0.026459,0.000000,0.000000,0.000000,0.000000,1.000000,0.000000,0.251001,0.005372,0.228304,0.023473,0.400000,5
worldbench_diagnostic_probe,1820,1,879,1300,1256,520,448,1020,2,0,7,6,1695,456.630250,417.436422,955.940878,0.482967,0.025892,0.966154,0.015885,0.861538,0.092804,0.147613,0.015816,0.563977,0.049141,0.560440,0.028832,0.001099,0.001500,0.000000,0.000000,0.857143,0.245000,0.250896,0.005635,0.229361,0.024606,0.400000,6
ensemble_forecasting_calibrator,1820,1,638,1300,619,520,51,1037,2,50,0,0,255,197.186900,233.890643,186.080773,0.350549,0.026589,0.476154,0.056424,0.098077,0.033923,0.161347,0.020451,0.729729,0.110156,0.569780,0.023642,0.001099,0.001500,0.027473,0.016877,0.000000,0.000000,0.108344,0.010323,0.128511,0.029771,0.400000,0
ensemble_forecasting_calibrator,1820,1,668,1300,634,520,67,1031,0,66,0,0,266,201.447900,236.231219,187.731066,0.367033,0.027091,0.487692,0.056029,0.128846,0.038541,0.170328,0.021377,0.705756,0.109139,0.566484,0.026957,0.000000,0.000000,0.036264,0.021731,0.000000,0.000000,0.110686,0.010100,0.129797,0.029391,0.400000,1
ensemble_forecasting_calibrator,1820,1,669,1300,622,520,53,1012,1,54,0,0,258,197.962150,238.033713,180.926995,0.367582,0.029309,0.478462,0.058080,0.101923,0.042066,0.176897,0.016799,0.701267,0.107725,0.556044,0.027441,0.000549,0.001077,0.029670,0.019259,0.000000,0.000000,0.108770,0.010713,0.130788,0.030044,0.400000,2
ensemble_forecasting_calibrator,1820,1,701,1300,669,520,53,1050,0,56,0,0,254,203.532600,229.885958,187.141036,0.385165,0.023357,0.514615,0.053273,0.101923,0.023872,0.169315,0.023395,0.736776,0.112681,0.576923,0.023384,0.000000,0.000000,0.030769,0.016657,0.000000,0.000000,0.111831,0.010789,0.126311,0.029525,0.400000,3
ensemble_forecasting_calibrator,1820,1,666,1300,626,520,66,1022,0,67,0,0,239,199.705350,240.314109,164.457311,0.365934,0.023459,0.481538,0.060327,0.126923,0.029838,0.159775,0.015730,0.688106,0.103162,0.561538,0.025334,0.000000,0.000000,0.036813,0.019871,0.000000,0.000000,0.109728,0.010080,0.132041,0.030202,0.400000,4
ensemble_forecasting_calibrator,1820,1,629,1300,639,520,63,1036,2,61,0,0,258,201.437650,233.492229,176.647197,0.345604,0.025554,0.491538,0.048664,0.121154,0.036867,0.174737,0.024619,0.684679,0.105236,0.569231,0.025353,0.001099,0.001500,0.033516,0.020462,0.000000,0.000000,0.110680,0.010085,0.128292,0.029100,0.400000,5
ensemble_forecasting_calibrator,1820,1,674,1300,641,520,49,1053,0,48,0,0,258,199.890400,234.530220,181.915133,0.370330,0.026511,0.493077,0.058872,0.094231,0.029439,0.166510,0.019657,0.705097,0.108006,0.578571,0.023757,0.000000,0.000000,0.026374,0.015382,0.000000,0.000000,0.109830,0.010861,0.128863,0.029661,0.400000,6
proposed_disagreement_protocol,1820,1,1000,1300,1279,520,48,1205,1,26,248,210,493,374.872250,182.698260,389.884539,0.549451,0.026145,0.983846,0.008617,0.092308,0.031685,0.204258,0.023637,0.790841,0.120276,0.662088,0.038205,0.000549,0.001077,0.014286,0.006796,0.846774,0.204969,0.205974,0.019252,0.100384,0.025771,0.400000,0
proposed_disagreement_protocol,1820,1,1049,1300,1272,520,43,1205,0,26,247,205,505,373.183050,173.655704,428.968072,0.576374,0.024843,0.978462,0.011375,0.082692,0.016903,0.206852,0.022954,0.849442,0.124112,0.662088,0.037985,0.000000,0.000000,0.014286,0.008080,0.829960,0.058002,0.205046,0.019245,0.095415,0.023740,0.400000,1
proposed_disagreement_protocol,1820,1,1005,1300,1282,520,44,1192,0,32,256,215,487,374.366500,172.852095,389.850630,0.552198,0.027450,0.986154,0.007700,0.084615,0.030878,0.206916,0.025412,0.800515,0.114783,0.654945,0.037754,0.000000,0.000000,0.017582,0.009059,0.839844,0.090218,0.205696,0.019453,0.094974,0.025136,0.400000,2
proposed_disagreement_protocol,1820,1,1003,1300,1278,520,41,1202,0,22,252,216,512,374.102300,175.509261,410.134287,0.551099,0.024478,0.983077,0.009810,0.078846,0.022789,0.200488,0.033392,0.801044,0.116707,0.660440,0.038845,0.000000,0.000000,0.012088,0.007892,0.857143,0.225200,0.205551,0.019427,0.096434,0.024295,0.400000,3
proposed_disagreement_protocol,1820,1,978,1300,1270,520,52,1202,0,16,260,219,520,374.174050,168.477182,405.014214,0.537363,0.028068,0.976923,0.012689,0.100000,0.052948,0.218138,0.022870,0.778873,0.112042,0.660440,0.041027,0.000000,0.000000,0.008791,0.004463,0.842308,0.194030,0.205590,0.018828,0.092570,0.023866,0.400000,4
proposed_disagreement_protocol,1820,1,1018,1300,1279,520,55,1236,0,25,250,210,510,375.110200,169.030972,407.492952,0.559341,0.023807,0.983846,0.011028,0.105769,0.031909,0.217294,0.023360,0.799006,0.116042,0.679121,0.033634,0.000000,0.000000,0.013736,0.007814,0.840000,0.052899,0.206105,0.018862,0.092874,0.024127,0.400000,5
proposed_disagreement_protocol,1820,1,1011,1300,1274,520,51,1208,0,27,249,203,508,374.468350,173.964802,405.783082,0.555495,0.021731,0.980000,0.010318,0.098077,0.021359,0.202562,0.025013,0.798786,0.116788,0.663736,0.032390,0.000000,0.000000,0.014835,0.008334,0.815261,0.220752,0.205752,0.019025,0.095585,0.025299,0.400000,6
oracle_disagreement_type,1820,1,1820,1300,1300,520,72,1369,0,111,1249,997,0,304.379100,0.000000,0.000000,1.000000,0.000000,1.000000,0.000000,0.138462,0.068078,0.145157,0.019931,0.000000,0.000000,0.752198,0.031772,0.000000,0.000000,0.060989,0.027272,0.798239,0.053568,0.167241,0.020248,0.000000,0.000000,0.400000,0
oracle_disagreement_type,1820,1,1820,1300,1300,520,72,1353,0,107,1250,982,0,304.384800,0.000000,0.000000,1.000000,0.000000,1.000000,0.000000,0.138462,0.064507,0.148152,0.018857,0.000000,0.000000,0.743407,0.031477,0.000000,0.000000,0.058791,0.025900,0.785600,0.060656,0.167244,0.020240,0.000000,0.000000,0.400000,1
oracle_disagreement_type,1820,1,1820,1300,1300,520,83,1325,0,122,1257,988,0,305.880500,0.000000,0.000000,1.000000,0.000000,1.000000,0.000000,0.159615,0.064812,0.148795,0.021663,0.000000,0.000000,0.728022,0.037026,0.000000,0.000000,0.067033,0.030842,0.785998,0.040877,0.168066,0.019878,0.000000,0.000000,0.400000,2
oracle_disagreement_type,1820,1,1820,1300,1300,520,73,1330,0,107,1255,990,0,304.726100,0.000000,0.000000,1.000000,0.000000,1.000000,0.000000,0.140385,0.060006,0.157953,0.019010,0.000000,0.000000,0.730769,0.038445,0.000000,0.000000,0.058791,0.026583,0.788845,0.047670,0.167432,0.020139,0.000000,0.000000,0.400000,3
oracle_disagreement_type,1820,1,1820,1300,1300,520,62,1332,0,89,1245,963,0,303.003500,0.000000,0.000000,1.000000,0.000000,1.000000,0.000000,0.119231,0.060465,0.143896,0.018560,0.000000,0.000000,0.731868,0.032263,0.000000,0.000000,0.048901,0.024400,0.773494,0.067475,0.166485,0.020656,0.000000,0.000000,0.400000,4
oracle_disagreement_type,1820,1,1820,1300,1300,520,80,1329,0,124,1257,1003,0,305.601900,0.000000,0.000000,1.000000,0.000000,1.000000,0.000000,0.153846,0.067426,0.169905,0.018446,0.000000,0.000000,0.730220,0.041419,0.000000,0.000000,0.068132,0.028549,0.797932,0.039786,0.167913,0.019959,0.000000,0.000000,0.400000,5
oracle_disagreement_type,1820,1,1820,1300,1300,520,72,1350,0,107,1256,998,0,304.559200,0.000000,0.000000,1.000000,0.000000,1.000000,0.000000,0.138462,0.056413,0.146993,0.022158,0.000000,0.000000,0.741758,0.034562,0.000000,0.000000,0.058791,0.025009,0.794586,0.061556,0.167340,0.020249,0.000000,0.000000,0.400000,6
conformal_risk_filter,1820,1,374,1300,966,520,249,502,0,263,0,0,0,330.825200,838.145012,0.000000,0.205495,0.023372,0.743077,0.034262,0.478846,0.040693,0.278108,0.024706,0.000000,0.000000,0.275824,0.035939,0.000000,0.000000,0.144505,0.072137,0.000000,0.000000,0.181772,0.008037,0.460519,0.041147,0.600000,0
conformal_risk_filter,1820,1,367,1300,907,520,249,496,1,259,0,0,0,319.330400,793.600964,0.000000,0.201648,0.023656,0.697692,0.033750,0.478846,0.069148,0.284339,0.022126,0.000000,0.000000,0.272527,0.030221,0.000549,0.001077,0.142308,0.074174,0.000000,0.000000,0.175456,0.007488,0.436044,0.038209,0.600000,1
conformal_risk_filter,1820,1,386,1300,958,520,261,510,0,271,0,0,0,331.275800,840.851690,0.000000,0.212088,0.022683,0.736923,0.028267,0.501923,0.046146,0.267310,0.018189,0.000000,0.000000,0.280220,0.030213,0.000000,0.000000,0.148901,0.076178,0.000000,0.000000,0.182020,0.007107,0.462006,0.038171,0.600000,2
conformal_risk_filter,1820,1,353,1300,929,520,259,490,1,267,0,0,0,325.869000,823.544309,0.000000,0.193956,0.022782,0.714615,0.030905,0.498077,0.056873,0.288831,0.018226,0.000000,0.000000,0.269231,0.031289,0.000549,0.001077,0.146703,0.076393,0.000000,0.000000,0.179049,0.006952,0.452497,0.038503,0.600000,3
conformal_risk_filter,1820,1,333,1300,935,520,253,492,0,265,0,0,0,324.893600,812.640935,0.000000,0.182967,0.020982,0.719231,0.035022,0.486538,0.039352,0.278144,0.018185,0.000000,0.000000,0.270330,0.028741,0.000000,0.000000,0.145604,0.073497,0.000000,0.000000,0.178513,0.006914,0.446506,0.036637,0.600000,4
conformal_risk_filter,1820,1,359,1300,948,520,233,552,0,247,0,0,0,322.719000,794.702239,0.000000,0.197253,0.024595,0.729231,0.036668,0.448077,0.037713,0.277987,0.023215,0.000000,0.000000,0.303297,0.026182,0.000000,0.000000,0.135714,0.067354,0.000000,0.000000,0.177318,0.008023,0.436650,0.039213,0.600000,5
conformal_risk_filter,1820,1,393,1300,964,520,256,492,0,271,0,0,0,330.936400,830.633711,0.000000,0.215934,0.021304,0.741538,0.028877,0.492308,0.075007,0.275803,0.014481,0.000000,0.000000,0.270330,0.031666,0.000000,0.000000,0.148901,0.075958,0.000000,0.000000,0.181833,0.007872,0.456392,0.039369,0.600000,6
robust_mpc_fallback,1820,1,314,1300,967,520,125,1235,0,137,0,0,0,290.649200,147.925414,0.000000,0.172527,0.025367,0.743846,0.099456,0.240385,0.043974,0.230515,0.026267,0.000000,0.000000,0.678571,0.032360,0.000000,0.000000,0.075275,0.037450,0.000000,0.000000,0.159697,0.013076,0.081278,0.023580,0.600000,0
robust_mpc_fallback,1820,1,336,1300,936,520,125,1150,0,133,0,0,0,286.863200,148.887923,0.000000,0.184615,0.021029,0.720000,0.110815,0.240385,0.032400,0.220621,0.021506,0.000000,0.000000,0.631868,0.035713,0.000000,0.000000,0.073077,0.036821,0.000000,0.000000,0.157617,0.013384,0.081807,0.022982,0.600000,1
robust_mpc_fallback,1820,1,336,1300,920,520,131,1165,0,142,0,0,0,285.714800,150.937296,0.000000,0.184615,0.023998,0.707692,0.118576,0.251923,0.043323,0.220520,0.024942,0.000000,0.000000,0.640110,0.030421,0.000000,0.000000,0.078022,0.038998,0.000000,0.000000,0.156986,0.013671,0.082933,0.023039,0.600000,2
robust_mpc_fallback,1820,1,310,1300,935,520,139,1178,0,154,0,0,0,288.236200,147.491200,0.000000,0.170330,0.020969,0.719231,0.105942,0.267308,0.045108,0.212565,0.024505,0.000000,0.000000,0.647253,0.035505,0.000000,0.000000,0.084615,0.041064,0.000000,0.000000,0.158372,0.012755,0.081039,0.023277,0.600000,3
robust_mpc_fallback,1820,1,331,1300,929,520,124,1160,0,131,0,0,0,285.996800,150.182941,0.000000,0.181868,0.025313,0.714615,0.112503,0.238462,0.048725,0.230616,0.027527,0.000000,0.000000,0.637363,0.042407,0.000000,0.000000,0.071978,0.037987,0.000000,0.000000,0.157141,0.013542,0.082518,0.023861,0.600000,4
robust_mpc_fallback,1820,1,297,1300,942,520,143,1187,1,158,0,0,0,290.062800,151.301752,0.000000,0.163187,0.017845,0.724615,0.102366,0.275000,0.050272,0.226305,0.027141,0.000000,0.000000,0.652198,0.034462,0.000549,0.001077,0.086813,0.042553,0.000000,0.000000,0.159375,0.012688,0.083133,0.022140,0.600000,5
robust_mpc_fallback,1820,1,291,1300,938,520,113,1169,0,122,0,0,0,285.528800,149.127090,0.000000,0.159890,0.021454,0.721538,0.105788,0.217308,0.044616,0.213453,0.024566,0.000000,0.000000,0.642308,0.035614,0.000000,0.000000,0.067033,0.034392,0.000000,0.000000,0.156884,0.013453,0.081938,0.023370,0.600000,6
failure_aware_rl_recovery,1820,1,430,1300,1062,520,115,1255,0,133,942,783,0,349.737900,95.111889,0.000000,0.236264,0.025182,0.816923,0.090307,0.221154,0.033830,0.279337,0.041224,0.000000,0.000000,0.689560,0.051113,0.000000,0.000000,0.073077,0.033386,0.831210,0.042134,0.192164,0.017991,0.052259,0.021677,0.600000,0
failure_aware_rl_recovery,1820,1,445,1300,1066,520,120,1309,0,140,941,797,0,350.850800,94.363853,0.000000,0.244505,0.026340,0.820000,0.087450,0.230769,0.027527,0.294333,0.039216,0.000000,0.000000,0.719231,0.048625,0.000000,0.000000,0.076923,0.033995,0.846971,0.048588,0.192775,0.017677,0.051848,0.021542,0.600000,1
failure_aware_rl_recovery,1820,1,442,1300,1053,520,118,1263,0,138,941,772,0,349.007800,94.478981,0.000000,0.242857,0.020388,0.810000,0.093203,0.226923,0.036759,0.280229,0.039374,0.000000,0.000000,0.693956,0.044662,0.000000,0.000000,0.075824,0.033958,0.820404,0.037069,0.191763,0.017957,0.051912,0.021685,0.600000,2
failure_aware_rl_recovery,1820,1,438,1300,1043,520,118,1267,0,133,947,756,0,347.802300,93.441259,0.000000,0.240659,0.029415,0.802308,0.094194,0.226923,0.039652,0.273657,0.036113,0.000000,0.000000,0.696154,0.041515,0.000000,0.000000,0.073077,0.034958,0.798310,0.044304,0.191100,0.017895,0.051341,0.020902,0.600000,3
failure_aware_rl_recovery,1820,1,435,1300,1057,520,116,1253,0,128,940,772,0,349.266600,94.698006,0.000000,0.239011,0.029003,0.813077,0.092212,0.223077,0.050632,0.292120,0.040670,0.000000,0.000000,0.688462,0.052465,0.000000,0.000000,0.070330,0.035706,0.821277,0.051301,0.191905,0.018056,0.052032,0.021567,0.600000,4
failure_aware_rl_recovery,1820,1,434,1300,1045,520,139,1262,0,149,941,779,0,350.561300,98.499641,0.000000,0.238462,0.025117,0.803846,0.093169,0.267308,0.046487,0.272682,0.040311,0.000000,0.000000,0.693407,0.048125,0.000000,0.000000,0.081868,0.041617,0.827843,0.061649,0.192616,0.017266,0.054121,0.021930,0.600000,5
failure_aware_rl_recovery,1820,1,388,1300,1041,520,133,1273,0,150,953,789,0,349.714800,95.067792,0.000000,0.213187,0.020521,0.800769,0.092835,0.255769,0.057315,0.284934,0.038984,0.000000,0.000000,0.699451,0.047604,0.000000,0.000000,0.082418,0.040312,0.827912,0.050693,0.192151,0.017446,0.052235,0.021137,0.600000,6
worldbench_diagnostic_probe,1820,1,854,1300,1261,520,471,1003,0,0,15,8,1702,470.865100,427.593130,942.698149,0.469231,0.023597,0.970000,0.016727,0.905769,0.058244,0.140329,0.014066,0.553877,0.048967,0.551099,0.019664,0.000000,0.000000,0.000000,0.000000,0.533333,0.240050,0.258717,0.004750,0.234941,0.021927,0.600000,0
worldbench_diagnostic_probe,1820,1,829,1300,1260,520,467,976,1,0,11,9,1709,470.414850,432.755380,917.601054,0.455495,0.027589,0.969231,0.016573,0.898077,0.066018,0.163775,0.014943,0.536923,0.043583,0.536264,0.028692,0.000549,0.001077,0.000000,0.000000,0.818182,0.245000,0.258470,0.004825,0.237778,0.022864,0.600000,1
worldbench_diagnostic_probe,1820,1,814,1300,1261,520,477,1015,0,0,15,12,1713,471.960050,428.962898,913.176969,0.447253,0.027872,0.970000,0.015246,0.917308,0.053320,0.150106,0.016269,0.533086,0.043613,0.557692,0.021578,0.000000,0.000000,0.000000,0.000000,0.800000,0.453773,0.259319,0.004484,0.235694,0.022099,0.600000,2
worldbench_diagnostic_probe,1820,1,843,1300,1257,520,476,974,1,0,9,8,1714,471.063000,433.699596,945.267151,0.463187,0.029658,0.966923,0.018532,0.915385,0.058176,0.158929,0.019749,0.551498,0.048134,0.535165,0.019019,0.000549,0.001077,0.000000,0.000000,0.888889,0.392000,0.258826,0.004390,0.238296,0.022837,0.600000,3
worldbench_diagnostic_probe,1820,1,821,1300,1256,520,461,1009,1,0,11,6,1695,468.501100,428.955409,913.085632,0.451099,0.021652,0.966154,0.017311,0.886538,0.074638,0.161555,0.012091,0.538694,0.043958,0.554396,0.021770,0.000549,0.001077,0.000000,0.000000,0.545455,0.320067,0.257418,0.005079,0.235690,0.022691,0.600000,4
worldbench_diagnostic_probe,1820,1,814,1300,1254,520,466,1016,0,0,10,8,1691,468.880250,429.458919,908.231684,0.447253,0.028799,0.964615,0.018424,0.896154,0.073733,0.169744,0.019067,0.537097,0.042514,0.558242,0.020817,0.000000,0.000000,0.000000,0.000000,0.800000,0.196000,0.257627,0.005092,0.235966,0.022919,0.600000,5
worldbench_diagnostic_probe,1820,1,854,1300,1257,520,456,966,2,0,12,9,1694,467.973100,430.114730,923.865937,0.469231,0.030090,0.966923,0.019406,0.876923,0.085251,0.155652,0.013359,0.545375,0.046162,0.530769,0.020040,0.001099,0.001500,0.000000,0.000000,0.750000,0.207247,0.257128,0.005440,0.236327,0.023244,0.600000,6
ensemble_forecasting_calibrator,1820,1,625,1300,696,520,77,1017,0,74,0,0,258,213.604650,228.112474,182.065203,0.343407,0.022823,0.535385,0.052620,0.148077,0.031310,0.172562,0.015412,0.705679,0.108086,0.558791,0.027553,0.000000,0.000000,0.040659,0.023423,0.000000,0.000000,0.117365,0.010840,0.125337,0.028824,0.600000,0
ensemble_forecasting_calibrator,1820,1,620,1300,702,520,82,1054,1,79,0,0,255,214.868600,225.474925,178.011414,0.340659,0.026021,0.540000,0.052088,0.157692,0.034086,0.174098,0.024520,0.698084,0.107585,0.579121,0.020370,0.000549,0.001077,0.043407,0.025076,0.000000,0.000000,0.118060,0.010577,0.123887,0.028569,0.600000,1
ensemble_forecasting_calibrator,1820,1,603,1300,674,520,78,1023,2,73,0,0,245,210.142100,228.454660,171.889558,0.331319,0.016720,0.518462,0.049552,0.150000,0.030154,0.166375,0.018410,0.701590,0.103382,0.562088,0.022503,0.001099,0.001500,0.040110,0.022306,0.000000,0.000000,0.115463,0.010039,0.125525,0.027882,0.600000,2
ensemble_forecasting_calibrator,1820,1,631,1300,685,520,88,1050,0,87,0,0,243,212.986900,226.251640,168.633845,0.346703,0.023459,0.526923,0.043469,0.169231,0.042718,0.178746,0.024012,0.693966,0.107626,0.576923,0.025764,0.000000,0.000000,0.047802,0.027223,0.000000,0.000000,0.117026,0.009649,0.124314,0.028343,0.600000,3
ensemble_forecasting_calibrator,1820,1,616,1300,675,520,75,1013,1,68,0,0,243,210.095800,231.003989,173.877780,0.338462,0.024295,0.519231,0.055949,0.144231,0.036088,0.170197,0.021765,0.715546,0.108708,0.556593,0.026130,0.000549,0.001077,0.037363,0.021685,0.000000,0.000000,0.115437,0.010547,0.126925,0.028200,0.600000,4
ensemble_forecasting_calibrator,1820,1,612,1300,675,520,73,1027,0,70,0,0,251,210.209900,227.759817,186.378651,0.336264,0.027959,0.519231,0.044651,0.140385,0.036867,0.171845,0.024534,0.742544,0.114892,0.564286,0.022496,0.000000,0.000000,0.038462,0.022124,0.000000,0.000000,0.115500,0.010125,0.125143,0.028606,0.600000,5
ensemble_forecasting_calibrator,1820,1,598,1300,695,520,77,1057,0,72,0,0,248,212.984750,223.909795,170.489448,0.328571,0.026149,0.534615,0.039171,0.148077,0.032302,0.160375,0.019017,0.687457,0.104854,0.580769,0.026032,0.000000,0.000000,0.039560,0.022602,0.000000,0.000000,0.117025,0.009860,0.123027,0.028664,0.600000,6
proposed_disagreement_protocol,1820,1,994,1300,1261,520,68,1192,0,36,247,207,496,381.680000,186.716368,391.989342,0.546154,0.024974,0.970000,0.014611,0.130769,0.030154,0.212045,0.025347,0.790301,0.110232,0.654945,0.037404,0.000000,0.000000,0.019780,0.010760,0.838057,0.147706,0.209714,0.018755,0.102591,0.025390,0.600000,0
proposed_disagreement_protocol,1820,1,951,1300,1272,520,70,1166,0,36,246,199,502,383.132150,183.135587,381.250457,0.522527,0.023408,0.978462,0.014487,0.134615,0.026355,0.201847,0.024864,0.759463,0.103583,0.640659,0.035633,0.000000,0.000000,0.019780,0.012973,0.808943,0.171591,0.210512,0.018753,0.100624,0.025448,0.600000,1
proposed_disagreement_protocol,1820,1,934,1300,1265,520,65,1161,0,28,250,193,496,382.003450,188.391870,379.168187,0.513187,0.027284,0.973077,0.016430,0.125000,0.031410,0.205961,0.027985,0.764452,0.104658,0.637912,0.034707,0.000000,0.000000,0.015385,0.008850,0.772000,0.090460,0.209892,0.018942,0.103512,0.025509,0.600000,2
proposed_disagreement_protocol,1820,1,934,1300,1271,520,69,1177,0,38,244,209,499,382.708850,185.456131,386.981851,0.513187,0.024225,0.977692,0.014382,0.132692,0.033923,0.203636,0.029753,0.775515,0.110032,0.646703,0.039880,0.000000,0.000000,0.020879,0.010293,0.856557,0.103587,0.210280,0.018820,0.101899,0.025328,0.600000,3
proposed_disagreement_protocol,1820,1,934,1300,1275,520,70,1220,0,31,252,213,514,384.192750,186.784065,394.242031,0.513187,0.023167,0.980769,0.010207,0.134615,0.028651,0.216255,0.030017,0.767008,0.106132,0.670330,0.038449,0.000000,0.000000,0.017033,0.010223,0.845238,0.150351,0.211095,0.018833,0.102629,0.025393,0.600000,4
proposed_disagreement_protocol,1820,1,947,1300,1270,520,67,1174,0,46,243,204,494,382.993300,190.811321,380.429246,0.520330,0.030080,0.976923,0.013934,0.128846,0.040146,0.201979,0.028049,0.770100,0.114164,0.645055,0.039041,0.000000,0.000000,0.025275,0.015665,0.839506,0.207880,0.210436,0.019095,0.104841,0.025467,0.600000,5
proposed_disagreement_protocol,1820,1,959,1300,1277,520,81,1204,0,41,253,213,527,386.750200,190.959321,407.156681,0.526923,0.023949,0.982308,0.008406,0.155769,0.036609,0.211778,0.030698,0.772593,0.110679,0.661538,0.035379,0.000000,0.000000,0.022527,0.011614,0.841897,0.182400,0.212500,0.018574,0.104923,0.025106,0.600000,6
oracle_disagreement_type,1820,1,1820,1300,1300,520,85,1289,0,115,1133,847,0,308.667300,0.000000,0.000000,1.000000,0.000000,1.000000,0.000000,0.163462,0.063880,0.144523,0.020797,0.000000,0.000000,0.708242,0.034879,0.000000,0.000000,0.063187,0.029056,0.747573,0.047858,0.169597,0.020311,0.000000,0.000000,0.600000,0
oracle_disagreement_type,1820,1,1820,1300,1300,520,67,1305,0,104,1131,872,0,306.425700,0.000000,0.000000,1.000000,0.000000,1.000000,0.000000,0.128846,0.059211,0.147062,0.017865,0.000000,0.000000,0.717033,0.033839,0.000000,0.000000,0.057143,0.025083,0.770999,0.037233,0.168366,0.020907,0.000000,0.000000,0.600000,1
oracle_disagreement_type,1820,1,1820,1300,1299,520,70,1282,0,98,1141,871,0,307.010900,0.000000,0.000000,1.000000,0.000000,0.999231,0.001508,0.134615,0.042421,0.147159,0.021861,0.000000,0.000000,0.704396,0.037024,0.000000,0.000000,0.053846,0.022909,0.763365,0.035192,0.168687,0.020742,0.000000,0.000000,0.600000,2
oracle_disagreement_type,1820,1,1820,1300,1300,520,72,1334,0,101,1138,873,0,307.256600,0.000000,0.000000,1.000000,0.000000,1.000000,0.000000,0.138462,0.033146,0.144104,0.019940,0.000000,0.000000,0.732967,0.030934,0.000000,0.000000,0.055495,0.021840,0.767135,0.042103,0.168822,0.020711,0.000000,0.000000,0.600000,3
oracle_disagreement_type,1820,1,1820,1300,1300,520,81,1310,0,103,1129,864,0,308.027100,0.000000,0.000000,1.000000,0.000000,1.000000,0.000000,0.155769,0.046826,0.146630,0.020346,0.000000,0.000000,0.719780,0.032053,0.000000,0.000000,0.056593,0.025388,0.765279,0.045488,0.169246,0.020409,0.000000,0.000000,0.600000,4
oracle_disagreement_type,1820,1,1820,1300,1300,520,72,1316,0,95,1142,864,0,307.461200,0.000000,0.000000,1.000000,0.000000,1.000000,0.000000,0.138462,0.059676,0.138863,0.020373,0.000000,0.000000,0.723077,0.033328,0.000000,0.000000,0.052198,0.025276,0.756567,0.050152,0.168935,0.020721,0.000000,0.000000,0.600000,5
oracle_disagreement_type,1820,1,1820,1300,1300,520,75,1342,0,105,1133,878,0,307.500500,0.000000,0.000000,1.000000,0.000000,1.000000,0.000000,0.144231,0.040225,0.144845,0.019837,0.000000,0.000000,0.737363,0.033140,0.000000,0.000000,0.057692,0.023536,0.774934,0.030387,0.168956,0.020568,0.000000,0.000000,0.600000,6
conformal_risk_filter,1820,1,326,1300,1008,520,288,460,1,296,0,0,0,343.711600,840.613389,0.000000,0.179121,0.021676,0.775385,0.036913,0.553846,0.057521,0.290073,0.019618,0.000000,0.000000,0.252747,0.023746,0.000549,0.001077,0.162637,0.084768,0.000000,0.000000,0.188853,0.007084,0.461875,0.033833,0.800000,0
conformal_risk_filter,1820,1,319,1300,1006,520,294,421,0,307,0,0,0,344.106800,843.056204,0.000000,0.175275,0.020487,0.773846,0.031482,0.565385,0.038192,0.297485,0.021126,0.000000,0.000000,0.231319,0.030923,0.000000,0.000000,0.168681,0.085087,0.000000,0.000000,0.189070,0.006432,0.463218,0.033201,0.800000,1
conformal_risk_filter,1820,1,359,1300,1024,520,302,468,0,313,0,0,0,347.972000,845.172165,0.000000,0.197253,0.026556,0.787692,0.035324,0.580769,0.040048,0.284906,0.022511,0.000000,0.000000,0.257143,0.035002,0.000000,0.000000,0.171978,0.087670,0.000000,0.000000,0.191193,0.006959,0.464380,0.036915,0.800000,2
conformal_risk_filter,1820,1,358,1300,1018,520,274,483,0,287,0,0,0,343.654800,844.968782,0.000000,0.196703,0.018867,0.783077,0.030195,0.526923,0.053364,0.281011,0.020380,0.000000,0.000000,0.265385,0.031243,0.000000,0.000000,0.157692,0.079962,0.000000,0.000000,0.188821,0.007666,0.464269,0.036927,0.800000,3
conformal_risk_filter,1820,1,350,1300,1025,520,271,496,1,278,0,0,0,342.838600,829.079650,0.000000,0.192308,0.024137,0.788462,0.033502,0.521154,0.057699,0.294872,0.023934,0.000000,0.000000,0.272527,0.035523,0.000549,0.001077,0.152747,0.079949,0.000000,0.000000,0.188373,0.007739,0.455538,0.038672,0.800000,4
conformal_risk_filter,1820,1,306,1300,1037,520,301,451,0,311,0,0,0,350.269800,854.326597,0.000000,0.168132,0.020694,0.797692,0.031167,0.578846,0.050398,0.294714,0.024673,0.000000,0.000000,0.247802,0.027804,0.000000,0.000000,0.170879,0.087967,0.000000,0.000000,0.192456,0.006559,0.469410,0.032199,0.800000,5
conformal_risk_filter,1820,1,296,1300,999,520,308,466,0,315,0,0,0,345.853800,847.233621,0.000000,0.162637,0.020520,0.768462,0.035790,0.592308,0.059145,0.297427,0.021560,0.000000,0.000000,0.256044,0.033776,0.000000,0.000000,0.173077,0.090683,0.000000,0.000000,0.190030,0.006779,0.465513,0.037412,0.800000,6
robust_mpc_fallback,1820,1,274,1300,1016,520,172,1152,1,189,0,0,0,307.918400,145.757998,0.000000,0.150549,0.017651,0.781538,0.083404,0.330769,0.038439,0.230174,0.029281,0.000000,0.000000,0.632967,0.036481,0.000549,0.001077,0.103846,0.049741,0.000000,0.000000,0.169186,0.011767,0.080087,0.023121,0.800000,0
robust_mpc_fallback,1820,1,305,1300,974,520,170,1148,0,179,0,0,0,302.875800,157.331657,0.000000,0.167582,0.021443,0.749231,0.097454,0.326923,0.034178,0.228815,0.024986,0.000000,0.000000,0.630769,0.032663,0.000000,0.000000,0.098352,0.049659,0.000000,0.000000,0.166415,0.012466,0.086446,0.022223,0.800000,1
robust_mpc_fallback,1820,1,308,1300,992,520,169,1170,2,176,0,0,0,304.494200,150.792021,0.000000,0.169231,0.021119,0.763077,0.088469,0.325000,0.026623,0.227104,0.026444,0.000000,0.000000,0.642857,0.032971,0.001099,0.002154,0.096703,0.049241,0.000000,0.000000,0.167305,0.011940,0.082853,0.022209,0.800000,2
robust_mpc_fallback,1820,1,291,1300,993,520,170,1158,1,177,0,0,0,305.034000,153.899882,0.000000,0.159890,0.018334,0.763846,0.093639,0.326923,0.043523,0.239764,0.020070,0.000000,0.000000,0.636264,0.033938,0.000549,0.001077,0.097253,0.050332,0.000000,0.000000,0.167601,0.012267,0.084560,0.022877,0.800000,3
robust_mpc_fallback,1820,1,270,1300,980,520,168,1177,0,180,0,0,0,303.424800,155.440263,0.000000,0.148352,0.017725,0.753846,0.095850,0.323077,0.034086,0.225735,0.027999,0.000000,0.000000,0.646703,0.036275,0.000000,0.000000,0.098901,0.048697,0.000000,0.000000,0.166717,0.012259,0.085407,0.022705,0.800000,4
robust_mpc_fallback,1820,1,261,1300,983,520,172,1179,0,182,0,0,0,304.127400,157.060144,0.000000,0.143407,0.022089,0.756154,0.088576,0.330769,0.045578,0.230125,0.028880,0.000000,0.000000,0.647802,0.036132,0.000000,0.000000,0.100000,0.050753,0.000000,0.000000,0.167103,0.011863,0.086297,0.023035,0.800000,5
robust_mpc_fallback,1820,1,308,1300,974,520,152,1148,1,161,0,0,0,300.035000,150.387249,0.000000,0.169231,0.021897,0.749231,0.092416,0.292308,0.045231,0.225800,0.029245,0.000000,0.000000,0.630769,0.036560,0.000549,0.001077,0.088462,0.045347,0.000000,0.000000,0.164854,0.012474,0.082630,0.022626,0.800000,6
failure_aware_rl_recovery,1820,1,380,1300,1080,520,170,1245,0,187,984,784,0,365.887900,93.983593,0.000000,0.208791,0.022665,0.830769,0.077277,0.326923,0.042048,0.280213,0.039268,0.000000,0.000000,0.684066,0.042607,0.000000,0.000000,0.102747,0.049325,0.796748,0.046549,0.201037,0.016035,0.051639,0.019868,0.800000,0
failure_aware_rl_recovery,1820,1,422,1300,1059,520,191,1257,0,201,1001,798,0,366.697100,95.344684,0.000000,0.231868,0.022121,0.814615,0.084504,0.367308,0.038705,0.298552,0.037358,0.000000,0.000000,0.690659,0.045953,0.000000,0.000000,0.110440,0.055807,0.797203,0.054329,0.201482,0.015636,0.052387,0.020127,0.800000,1
failure_aware_rl_recovery,1820,1,405,1300,1075,520,188,1276,0,197,990,802,0,367.982000,96.392998,0.000000,0.222527,0.022882,0.826923,0.082637,0.361538,0.045578,0.304658,0.038730,0.000000,0.000000,0.701099,0.045482,0.000000,0.000000,0.108242,0.055351,0.810101,0.058863,0.202188,0.015836,0.052963,0.020932,0.800000,2
failure_aware_rl_recovery,1820,1,360,1300,1099,520,177,1272,0,184,1009,810,0,370.184800,92.162030,0.000000,0.197802,0.020993,0.845385,0.069789,0.340385,0.042810,0.299611,0.039724,0.000000,0.000000,0.698901,0.043977,0.000000,0.000000,0.101099,0.052318,0.802775,0.044449,0.203398,0.015548,0.050638,0.019492,0.800000,3
failure_aware_rl_recovery,1820,1,397,1300,1086,520,174,1299,0,183,1015,828,0,368.386700,91.987211,0.000000,0.218132,0.026402,0.835385,0.078102,0.334615,0.050943,0.300587,0.036669,0.000000,0.000000,0.713736,0.043535,0.000000,0.000000,0.100549,0.051785,0.815764,0.049336,0.202410,0.016050,0.050542,0.019694,0.800000,4
failure_aware_rl_recovery,1820,1,416,1300,1080,520,189,1304,0,201,1014,828,0,369.556500,91.644998,0.000000,0.228571,0.025096,0.830769,0.081483,0.363462,0.049767,0.304340,0.040841,0.000000,0.000000,0.716484,0.041674,0.000000,0.000000,0.110440,0.055657,0.816568,0.049395,0.203053,0.015785,0.050354,0.020643,0.800000,5
failure_aware_rl_recovery,1820,1,415,1300,1098,520,171,1276,0,180,978,800,0,368.264400,96.684332,0.000000,0.228022,0.024292,0.844615,0.072826,0.328846,0.033455,0.298938,0.036791,0.000000,0.000000,0.701099,0.044634,0.000000,0.000000,0.098901,0.049884,0.817996,0.051945,0.202343,0.015924,0.053123,0.020940,0.800000,6
worldbench_diagnostic_probe,1820,1,804,1300,1273,520,468,944,0,0,21,14,1700,482.284700,440.496702,894.977643,0.441758,0.029541,0.979231,0.012674,0.900000,0.067613,0.176700,0.018506,0.526457,0.042410,0.518681,0.028387,0.000000,0.000000,0.000000,0.000000,0.666667,0.150495,0.264992,0.004731,0.242031,0.021271,0.800000,0
worldbench_diagnostic_probe,1820,1,739,1300,1265,520,473,969,0,0,24,16,1694,481.901900,438.168263,881.328420,0.406044,0.025754,0.973077,0.014759,0.909615,0.052122,0.167324,0.017075,0.520265,0.045342,0.532418,0.024175,0.000000,0.000000,0.000000,0.000000,0.666667,0.135630,0.264781,0.004484,0.240752,0.020694,0.800000,1
worldbench_diagnostic_probe,1820,1,779,1300,1270,520,485,948,0,0,23,14,1717,484.932000,444.326729,896.274883,0.428022,0.022197,0.976923,0.011515,0.932692,0.040225,0.167901,0.014672,0.522001,0.043634,0.520879,0.026602,0.000000,0.000000,0.000000,0.000000,0.608696,0.110778,0.266446,0.003935,0.244136,0.020536,0.800000,2
worldbench_diagnostic_probe,1820,1,832,1300,1257,520,472,941,1,0,28,23,1678,480.277850,435.982301,915.705150,0.457143,0.030597,0.966923,0.017480,0.907692,0.051128,0.175046,0.017936,0.545712,0.045973,0.517033,0.021565,0.000549,0.001077,0.000000,0.000000,0.821429,0.111067,0.263889,0.004420,0.239551,0.019788,0.800000,3
worldbench_diagnostic_probe,1820,1,731,1300,1271,520,478,961,0,1,22,18,1708,483.759550,442.442484,874.398197,0.401648,0.030034,0.977692,0.011240,0.919231,0.056692,0.182888,0.018050,0.511943,0.043669,0.528022,0.025076,0.000000,0.000000,0.000549,0.001077,0.818182,0.137735,0.265802,0.004360,0.243100,0.020816,0.800000,4
worldbench_diagnostic_probe,1820,1,787,1300,1267,520,479,949,1,0,21,17,1704,483.169350,440.712585,899.542943,0.432418,0.023198,0.974615,0.016098,0.921154,0.060373,0.171337,0.016851,0.527901,0.041119,0.521429,0.020193,0.000549,0.001077,0.000000,0.000000,0.809524,0.171146,0.265478,0.004583,0.242150,0.020972,0.800000,5
worldbench_diagnostic_probe,1820,1,758,1300,1263,520,481,975,2,0,24,19,1704,483.008600,443.112198,873.843883,0.416484,0.024381,0.971538,0.014455,0.925000,0.052544,0.168216,0.015053,0.512819,0.043866,0.535714,0.023237,0.001099,0.001500,0.000000,0.000000,0.791667,0.143362,0.265389,0.004329,0.243468,0.021132,0.800000,6
ensemble_forecasting_calibrator,1820,1,580,1300,723,520,90,1019,2,89,0,0,245,221.750350,221.059902,165.507885,0.318681,0.023296,0.556154,0.044753,0.173077,0.022475,0.162624,0.021003,0.675542,0.103375,0.559890,0.027546,0.001099,0.001500,0.048901,0.026511,0.000000,0.000000,0.121841,0.010369,0.121461,0.028269,0.800000,0
ensemble_forecasting_calibrator,1820,1,560,1300,737,520,86,1043,2,85,0,0,251,222.844400,217.907676,164.342697,0.307692,0.027031,0.566923,0.041753,0.165385,0.050004,0.163992,0.019156,0.654752,0.099006,0.573077,0.021400,0.001099,0.001500,0.046703,0.026598,0.000000,0.000000,0.122442,0.010570,0.119729,0.027928,0.800000,1
ensemble_forecasting_calibrator,1820,1,594,1300,745,520,114,1011,2,115,0,0,252,227.915650,222.673012,181.283051,0.326374,0.022893,0.573077,0.044010,0.219231,0.041746,0.199021,0.021040,0.719377,0.103386,0.555495,0.023321,0.001099,0.001500,0.063187,0.033910,0.000000,0.000000,0.125228,0.010124,0.122348,0.028038,0.800000,2
ensemble_forecasting_calibrator,1820,1,606,1300,760,520,97,1081,2,97,0,0,245,227.291900,216.652094,176.168907,0.332967,0.019775,0.584615,0.040244,0.186538,0.041309,0.177185,0.025081,0.719057,0.110771,0.593956,0.021004,0.001099,0.001500,0.053297,0.029606,0.000000,0.000000,0.124886,0.010551,0.119040,0.027494,0.800000,3
ensemble_forecasting_calibrator,1820,1,563,1300,744,520,119,1030,3,116,0,0,258,228.392000,222.288320,175.141519,0.309341,0.018373,0.572308,0.045454,0.228846,0.060634,0.170924,0.018324,0.678843,0.103621,0.565934,0.026866,0.001648,0.002380,0.063736,0.037526,0.000000,0.000000,0.125490,0.010217,0.122136,0.027873,0.800000,4
ensemble_forecasting_calibrator,1820,1,567,1300,741,520,119,1003,1,116,0,0,262,228.221250,225.341482,179.207508,0.311538,0.024028,0.570000,0.046157,0.228846,0.045108,0.174893,0.021429,0.683998,0.102360,0.551099,0.023432,0.000549,0.001077,0.063736,0.035331,0.000000,0.000000,0.125396,0.010001,0.123814,0.027456,0.800000,5
ensemble_forecasting_calibrator,1820,1,563,1300,746,520,97,1015,2,95,0,0,260,225.791800,222.107580,172.875799,0.309341,0.029778,0.573846,0.048057,0.186538,0.056202,0.172559,0.022920,0.664907,0.102697,0.557692,0.020029,0.001099,0.001500,0.052198,0.031081,0.000000,0.000000,0.124061,0.010918,0.122037,0.027904,0.800000,6
proposed_disagreement_protocol,1820,1,875,1300,1262,520,105,1134,0,54,246,206,497,393.790400,202.203827,366.045658,0.480769,0.026986,0.970769,0.013611,0.201923,0.047760,0.205906,0.031501,0.736510,0.104748,0.623077,0.038883,0.000000,0.000000,0.029670,0.020809,0.837398,0.221906,0.216368,0.018005,0.111101,0.025654,0.800000,0
proposed_disagreement_protocol,1820,1,894,1300,1262,520,108,1152,0,38,254,210,524,395.947600,211.201497,390.195650,0.491209,0.033298,0.970769,0.015861,0.207692,0.038026,0.209795,0.030886,0.744648,0.101533,0.632967,0.040068,0.000000,0.000000,0.020879,0.012589,0.826772,0.183553,0.217554,0.017702,0.116045,0.025053,0.800000,1
proposed_disagreement_protocol,1820,1,860,1300,1274,520,105,1097,0,54,253,194,497,396.512400,213.121133,362.532384,0.472527,0.027784,0.980000,0.013323,0.201923,0.040615,0.187613,0.024318,0.729441,0.102200,0.602747,0.032226,0.000000,0.000000,0.029670,0.016881,0.766798,0.179064,0.217864,0.018314,0.117100,0.027560,0.800000,2
proposed_disagreement_protocol,1820,1,907,1300,1269,520,104,1123,0,44,250,210,519,396.220250,211.388919,384.158167,0.498352,0.025642,0.976154,0.012926,0.200000,0.048725,0.206800,0.029163,0.740189,0.106085,0.617033,0.037672,0.000000,0.000000,0.024176,0.016881,0.840000,0.195393,0.217703,0.018118,0.116148,0.026069,0.800000,3
proposed_disagreement_protocol,1820,1,841,1300,1273,520,102,1161,1,41,238,196,509,395.505950,210.835485,351.268202,0.462088,0.023100,0.979231,0.011291,0.196154,0.043451,0.211035,0.031349,0.690114,0.094694,0.637912,0.040516,0.000549,0.001077,0.022527,0.014370,0.823529,0.182644,0.217311,0.018098,0.115844,0.027095,0.800000,4
proposed_disagreement_protocol,1820,1,861,1300,1254,520,99,1145,0,47,239,197,500,392.348400,211.115847,365.603135,0.473077,0.024246,0.964615,0.014708,0.190385,0.031511,0.213951,0.024652,0.731206,0.106243,0.629121,0.037040,0.000000,0.000000,0.025824,0.018475,0.824268,0.228846,0.215576,0.017954,0.115998,0.024390,0.800000,5
proposed_disagreement_protocol,1820,1,877,1300,1269,520,89,1176,0,52,253,206,494,392.871850,200.632312,344.115470,0.481868,0.027160,0.976154,0.014316,0.171154,0.027209,0.210205,0.028972,0.696590,0.094735,0.646154,0.034421,0.000000,0.000000,0.028571,0.016669,0.814229,0.138706,0.215864,0.018720,0.110238,0.027458,0.800000,6
oracle_disagreement_type,1820,1,1820,1300,1300,520,58,1295,0,86,1108,854,0,311.060200,0.000000,0.000000,1.000000,0.000000,1.000000,0.000000,0.111538,0.051742,0.158465,0.021932,0.000000,0.000000,0.711538,0.039153,0.000000,0.000000,0.047253,0.021037,0.770758,0.064937,0.170912,0.021878,0.000000,0.000000,0.800000,0
oracle_disagreement_type,1820,1,1820,1300,1300,520,82,1265,0,107,1110,837,0,314.176100,0.000000,0.000000,1.000000,0.000000,1.000000,0.000000,0.157692,0.055567,0.139467,0.018936,0.000000,0.000000,0.695055,0.036408,0.000000,0.000000,0.058791,0.027855,0.754054,0.034482,0.172624,0.020983,0.000000,0.000000,0.800000,1
oracle_disagreement_type,1820,1,1820,1300,1300,520,68,1311,0,94,1109,859,0,312.366900,0.000000,0.000000,1.000000,0.000000,1.000000,0.000000,0.130769,0.053835,0.162255,0.021800,0.000000,0.000000,0.720330,0.036935,0.000000,0.000000,0.051648,0.023474,0.774572,0.040201,0.171630,0.021494,0.000000,0.000000,0.800000,2
oracle_disagreement_type,1820,1,1820,1300,1300,520,82,1283,0,99,1108,828,0,314.090800,0.000000,0.000000,1.000000,0.000000,1.000000,0.000000,0.157692,0.039252,0.145689,0.021454,0.000000,0.000000,0.704945,0.034963,0.000000,0.000000,0.054396,0.024987,0.747292,0.071023,0.172577,0.020954,0.000000,0.000000,0.800000,3
oracle_disagreement_type,1820,1,1820,1300,1300,520,81,1286,0,98,1116,847,0,314.339300,0.000000,0.000000,1.000000,0.000000,1.000000,0.000000,0.155769,0.067297,0.151268,0.020071,0.000000,0.000000,0.706593,0.036151,0.000000,0.000000,0.053846,0.028900,0.758961,0.038717,0.172714,0.021019,0.000000,0.000000,0.800000,4
oracle_disagreement_type,1820,1,1820,1300,1300,520,67,1304,0,92,1104,829,0,312.050400,0.000000,0.000000,1.000000,0.000000,1.000000,0.000000,0.128846,0.023201,0.140365,0.022241,0.000000,0.000000,0.716484,0.034426,0.000000,0.000000,0.050549,0.019854,0.750906,0.046044,0.171456,0.021489,0.000000,0.000000,0.800000,5
oracle_disagreement_type,1820,1,1820,1300,1300,520,95,1307,0,123,1115,849,0,315.978200,0.000000,0.000000,1.000000,0.000000,1.000000,0.000000,0.182692,0.058460,0.140446,0.026496,0.000000,0.000000,0.718132,0.034585,0.000000,0.000000,0.067582,0.030176,0.761435,0.047988,0.173614,0.020506,0.000000,0.000000,0.800000,6
conformal_risk_filter,1820,1,313,1300,1031,520,307,466,0,312,0,0,0,350.786600,836.803435,0.000000,0.171978,0.017817,0.793077,0.033095,0.590385,0.037292,0.281747,0.023353,0.000000,0.000000,0.256044,0.036461,0.000000,0.000000,0.171429,0.089695,0.000000,0.000000,0.192740,0.006473,0.459782,0.032433,1.000000,0
conformal_risk_filter,1820,1,288,1300,1031,520,326,454,0,337,0,0,0,354.352000,845.484721,0.000000,0.158242,0.024824,0.793077,0.025497,0.626923,0.052769,0.288448,0.020806,0.000000,0.000000,0.249451,0.029541,0.000000,0.000000,0.185165,0.095118,0.000000,0.000000,0.194699,0.005480,0.464552,0.029025,1.000000,1
conformal_risk_filter,1820,1,312,1300,1083,520,317,427,0,328,0,0,0,361.605800,860.300849,0.000000,0.171429,0.017778,0.833077,0.026179,0.609615,0.048677,0.303920,0.020434,0.000000,0.000000,0.234615,0.036788,0.000000,0.000000,0.180220,0.092341,0.000000,0.000000,0.198685,0.006721,0.472693,0.037142,1.000000,2
conformal_risk_filter,1820,1,294,1300,1044,520,309,437,1,317,0,0,0,354.514800,855.102125,0.000000,0.161538,0.024048,0.803077,0.027030,0.594231,0.044046,0.287535,0.020014,0.000000,0.000000,0.240110,0.031907,0.000549,0.001077,0.174176,0.090181,0.000000,0.000000,0.194788,0.006507,0.469836,0.032244,1.000000,3
conformal_risk_filter,1820,1,289,1300,1045,520,315,465,1,322,0,0,0,354.464000,843.119705,0.000000,0.158791,0.019628,0.803846,0.029115,0.605769,0.052784,0.275460,0.024689,0.000000,0.000000,0.255495,0.030263,0.000549,0.001077,0.176923,0.092376,0.000000,0.000000,0.194760,0.006171,0.463253,0.030289,1.000000,4
conformal_risk_filter,1820,1,301,1300,1038,520,340,466,0,345,0,0,0,356.437600,840.887259,0.000000,0.165385,0.015468,0.798462,0.031243,0.653846,0.044598,0.282398,0.027449,0.000000,0.000000,0.256044,0.031810,0.000000,0.000000,0.189560,0.099510,0.000000,0.000000,0.195845,0.005150,0.462026,0.028687,1.000000,5
conformal_risk_filter,1820,1,331,1300,1063,520,317,434,0,326,0,0,0,358.634400,859.944269,0.000000,0.181868,0.024302,0.817692,0.030242,0.609615,0.028122,0.279668,0.016407,0.000000,0.000000,0.238462,0.023648,0.000000,0.000000,0.179121,0.091935,0.000000,0.000000,0.197052,0.006542,0.472497,0.033497,1.000000,6
robust_mpc_fallback,1820,1,257,1300,1035,520,215,1171,0,227,0,0,0,321.645400,158.215503,0.000000,0.141209,0.019481,0.796154,0.078794,0.413462,0.029865,0.273989,0.026429,0.000000,0.000000,0.643407,0.038081,0.000000,0.000000,0.124725,0.062067,0.000000,0.000000,0.176728,0.010994,0.086932,0.022296,1.000000,0
robust_mpc_fallback,1820,1,259,1300,1027,520,215,1155,1,221,0,0,0,321.349600,166.099498,0.000000,0.142308,0.020915,0.790000,0.087479,0.413462,0.041002,0.238607,0.026517,0.000000,0.000000,0.634615,0.028950,0.000549,0.001077,0.121429,0.063162,0.000000,0.000000,0.176566,0.011526,0.091263,0.020664,1.000000,1
robust_mpc_fallback,1820,1,280,1300,1020,520,197,1121,0,207,0,0,0,317.697800,162.282097,0.000000,0.153846,0.023939,0.784615,0.079094,0.378846,0.052122,0.233669,0.024651,0.000000,0.000000,0.615934,0.032724,0.000000,0.000000,0.113736,0.058277,0.000000,0.000000,0.174559,0.011457,0.089166,0.023106,1.000000,2
robust_mpc_fallback,1820,1,260,1300,1036,520,204,1139,0,211,0,0,0,320.886800,161.179412,0.000000,0.142857,0.022247,0.796923,0.075763,0.392308,0.053953,0.238770,0.023343,0.000000,0.000000,0.625824,0.030136,0.000000,0.000000,0.115934,0.060649,0.000000,0.000000,0.176311,0.011325,0.088560,0.022674,1.000000,3
robust_mpc_fallback,1820,1,274,1300,1041,520,220,1176,0,228,0,0,0,323.851400,164.426146,0.000000,0.150549,0.023963,0.800769,0.075632,0.423077,0.039731,0.243710,0.024900,0.000000,0.000000,0.646154,0.032199,0.000000,0.000000,0.125275,0.064315,0.000000,0.000000,0.177940,0.010860,0.090344,0.020796,1.000000,4
robust_mpc_fallback,1820,1,246,1300,1039,520,221,1147,0,224,0,0,0,324.010400,171.348069,0.000000,0.135165,0.020117,0.799231,0.070820,0.425000,0.028346,0.252074,0.028522,0.000000,0.000000,0.630220,0.038261,0.000000,0.000000,0.123077,0.064701,0.000000,0.000000,0.178028,0.010447,0.094147,0.023868,1.000000,5
robust_mpc_fallback,1820,1,249,1300,1020,520,212,1141,1,218,0,0,0,319.581000,159.093108,0.000000,0.136813,0.022487,0.784615,0.084311,0.407692,0.038439,0.230455,0.030985,0.000000,0.000000,0.626923,0.033578,0.000549,0.001077,0.119780,0.062158,0.000000,0.000000,0.175594,0.011237,0.087414,0.021681,1.000000,6
failure_aware_rl_recovery,1820,1,344,1300,1103,520,212,1269,1,220,1049,822,0,382.832700,88.588425,0.000000,0.189011,0.020353,0.848462,0.070224,0.407692,0.064015,0.323877,0.037171,0.000000,0.000000,0.697253,0.043331,0.000549,0.001077,0.120879,0.063516,0.783603,0.041754,0.210348,0.014935,0.048675,0.018518,1.000000,0
failure_aware_rl_recovery,1820,1,371,1300,1135,520,218,1263,0,234,1066,841,0,388.404600,85.540025,0.000000,0.203846,0.026639,0.873077,0.058190,0.419231,0.055282,0.315316,0.038442,0.000000,0.000000,0.693956,0.040835,0.000000,0.000000,0.128571,0.063801,0.788931,0.034684,0.213409,0.014205,0.047000,0.017326,1.000000,1
failure_aware_rl_recovery,1820,1,368,1300,1116,520,214,1216,0,229,1028,806,0,383.953500,94.063221,0.000000,0.202198,0.024402,0.858462,0.058062,0.411538,0.032859,0.309878,0.039058,0.000000,0.000000,0.668132,0.044581,0.000000,0.000000,0.125824,0.061584,0.784047,0.047439,0.210963,0.013926,0.051683,0.018466,1.000000,2
failure_aware_rl_recovery,1820,1,383,1300,1106,520,231,1232,0,239,1044,814,0,385.521100,93.525639,0.000000,0.210440,0.020555,0.850769,0.068447,0.444231,0.052243,0.294494,0.038452,0.000000,0.000000,0.676923,0.045494,0.000000,0.000000,0.131319,0.068174,0.779693,0.033882,0.211825,0.014113,0.051388,0.018663,1.000000,3
failure_aware_rl_recovery,1820,1,388,1300,1094,520,206,1258,0,213,1015,816,0,379.660400,94.576119,0.000000,0.213187,0.027959,0.841538,0.071525,0.396154,0.040983,0.309448,0.041551,0.000000,0.000000,0.691209,0.044112,0.000000,0.000000,0.117033,0.060469,0.803941,0.042327,0.208605,0.014966,0.051965,0.019094,1.000000,4
failure_aware_rl_recovery,1820,1,373,1300,1120,520,228,1273,0,239,1062,851,0,387.618300,90.720515,0.000000,0.204945,0.024624,0.861538,0.064261,0.438462,0.047278,0.308916,0.042618,0.000000,0.000000,0.699451,0.043324,0.000000,0.000000,0.131319,0.066687,0.801318,0.040746,0.212977,0.013992,0.049846,0.018431,1.000000,5
failure_aware_rl_recovery,1820,1,353,1300,1123,520,230,1228,0,244,1052,823,0,388.072800,90.440691,0.000000,0.193956,0.023300,0.863846,0.063293,0.442308,0.036845,0.304586,0.039418,0.000000,0.000000,0.674725,0.046134,0.000000,0.000000,0.134066,0.066454,0.782319,0.049619,0.213227,0.013991,0.049693,0.018465,1.000000,6
worldbench_diagnostic_probe,1820,1,750,1300,1279,520,473,922,0,0,33,26,1680,493.944150,447.818262,868.984781,0.412088,0.028252,0.983846,0.010364,0.909615,0.057315,0.185898,0.020007,0.517253,0.044148,0.506593,0.023584,0.000000,0.000000,0.000000,0.000000,0.787879,0.286999,0.271398,0.004709,0.246054,0.019201,1.000000,0
worldbench_diagnostic_probe,1820,1,726,1300,1261,520,479,945,0,0,33,22,1681,492.456700,452.074293,854.150797,0.398901,0.030215,0.970000,0.016151,0.921154,0.055467,0.167848,0.020791,0.508121,0.043666,0.519231,0.027163,0.000000,0.000000,0.000000,0.000000,0.666667,0.241588,0.270581,0.004654,0.248392,0.018902,1.000000,1
worldbench_diagnostic_probe,1820,1,723,1300,1265,520,483,913,0,0,28,23,1694,493.974000,454.740291,860.231072,0.397253,0.028153,0.973077,0.014919,0.928846,0.046009,0.172122,0.021212,0.507811,0.043224,0.501648,0.019137,0.000000,0.000000,0.000000,0.000000,0.821429,0.099022,0.271414,0.004662,0.249857,0.019356,1.000000,2
worldbench_diagnostic_probe,1820,1,768,1300,1270,520,474,958,1,0,30,24,1688,493.244650,450.782764,870.335376,0.421978,0.024673,0.976923,0.016285,0.911538,0.056524,0.173314,0.016110,0.515602,0.043929,0.526374,0.024042,0.000549,0.001077,0.000000,0.000000,0.800000,0.333314,0.271014,0.004733,0.247683,0.019229,1.000000,3
worldbench_diagnostic_probe,1820,1,735,1300,1269,520,487,933,2,0,22,15,1695,494.653850,454.128997,867.770561,0.403846,0.021688,0.976154,0.013811,0.936538,0.050585,0.171112,0.017148,0.511959,0.042413,0.512637,0.023124,0.001099,0.001500,0.000000,0.000000,0.681818,0.322681,0.271788,0.004373,0.249521,0.019312,1.000000,4
worldbench_diagnostic_probe,1820,1,729,1300,1268,520,484,948,0,0,30,25,1691,494.341950,452.124966,849.039577,0.400549,0.026017,0.975385,0.014022,0.930769,0.046061,0.182611,0.020143,0.502093,0.040314,0.520879,0.022412,0.000000,0.000000,0.000000,0.000000,0.833333,0.180437,0.271616,0.004480,0.248420,0.018726,1.000000,5
worldbench_diagnostic_probe,1820,1,739,1300,1273,520,483,952,1,0,35,26,1686,494.985700,448.785908,864.850096,0.406044,0.027328,0.979231,0.012295,0.928846,0.043541,0.175221,0.018348,0.512960,0.044083,0.523077,0.024471,0.000549,0.001077,0.000000,0.000000,0.742857,0.166204,0.271970,0.004291,0.246586,0.018608,1.000000,6
ensemble_forecasting_calibrator,1820,1,528,1300,793,520,138,1020,6,130,0,0,264,241.807350,226.773756,180.982837,0.290110,0.023504,0.610000,0.035259,0.265385,0.049241,0.184904,0.025117,0.685541,0.100740,0.560440,0.017763,0.003297,0.003619,0.071429,0.039201,0.000000,0.000000,0.132861,0.009768,0.124601,0.027235,1.000000,0
ensemble_forecasting_calibrator,1820,1,503,1300,764,520,122,1011,1,123,0,0,228,234.613850,216.891934,146.500334,0.276374,0.026589,0.587692,0.031617,0.234615,0.056413,0.186403,0.022715,0.642545,0.098957,0.555495,0.026076,0.000549,0.001077,0.067582,0.038766,0.000000,0.000000,0.128909,0.009638,0.119171,0.027193,1.000000,1
ensemble_forecasting_calibrator,1820,1,545,1300,788,520,127,1041,2,126,0,0,283,240.569500,217.947139,189.267250,0.299451,0.030370,0.606154,0.039956,0.244231,0.061307,0.180441,0.023549,0.668789,0.100006,0.571978,0.029333,0.001099,0.001500,0.069231,0.039220,0.000000,0.000000,0.132181,0.010679,0.119751,0.028259,1.000000,2
ensemble_forecasting_calibrator,1820,1,519,1300,781,520,140,1020,5,135,0,0,269,240.633000,217.859636,177.379616,0.285165,0.022945,0.600769,0.040903,0.269231,0.068356,0.196822,0.022315,0.659404,0.097403,0.560440,0.030009,0.002747,0.002739,0.074176,0.042799,0.000000,0.000000,0.132216,0.010171,0.119703,0.027763,1.000000,3
ensemble_forecasting_calibrator,1820,1,504,1300,770,520,124,1024,3,123,0,0,249,236.400800,217.776161,161.942265,0.276923,0.017700,0.592308,0.051267,0.238462,0.049688,0.191667,0.019400,0.650371,0.097998,0.562637,0.030096,0.001648,0.001810,0.067582,0.037098,0.000000,0.000000,0.129891,0.010672,0.119657,0.027073,1.000000,4
ensemble_forecasting_calibrator,1820,1,533,1300,756,520,107,977,2,102,0,0,261,232.766050,221.690747,167.644266,0.292857,0.025999,0.581538,0.040320,0.205769,0.039352,0.188021,0.019334,0.642315,0.098394,0.536813,0.025030,0.001099,0.001500,0.056044,0.031265,0.000000,0.000000,0.127893,0.010521,0.121808,0.027884,1.000000,5
ensemble_forecasting_calibrator,1820,1,527,1300,772,520,130,1026,4,125,0,0,246,237.209200,217.418893,167.409275,0.289560,0.023786,0.593846,0.048481,0.250000,0.059464,0.193416,0.021483,0.680526,0.101199,0.563736,0.030073,0.002198,0.002572,0.068681,0.039039,0.000000,0.000000,0.130335,0.010472,0.119461,0.026963,1.000000,6
proposed_disagreement_protocol,1820,1,785,1300,1250,520,122,1089,0,62,229,175,496,401.941200,231.357903,336.342699,0.431319,0.028210,0.961538,0.019585,0.234615,0.047942,0.199231,0.025590,0.678110,0.094083,0.598352,0.033277,0.000000,0.000000,0.034066,0.020271,0.764192,0.199788,0.220847,0.017625,0.127120,0.025917,1.000000,0
proposed_disagreement_protocol,1820,1,792,1300,1259,520,134,1091,0,64,240,190,504,406.401000,243.881882,339.234541,0.435165,0.025111,0.968462,0.016980,0.257692,0.034728,0.196644,0.027305,0.673084,0.090443,0.599451,0.033267,0.000000,0.000000,0.035165,0.020988,0.791667,0.154501,0.223297,0.017091,0.134001,0.024900,1.000000,1
proposed_disagreement_protocol,1820,1,762,1300,1262,520,124,1134,0,56,241,187,500,404.145050,223.135448,330.191190,0.418681,0.023743,0.970769,0.014455,0.238462,0.049369,0.213343,0.025219,0.660382,0.092026,0.623077,0.034903,0.000000,0.000000,0.030769,0.019250,0.775934,0.173043,0.222058,0.017589,0.122602,0.027821,1.000000,2
proposed_disagreement_protocol,1820,1,825,1300,1260,520,138,1054,1,72,232,174,496,406.602750,242.706804,343.518654,0.453297,0.024786,0.969231,0.013237,0.265385,0.047942,0.198629,0.028157,0.692578,0.098234,0.579121,0.038126,0.000549,0.001077,0.039560,0.022443,0.750000,0.172719,0.223408,0.017251,0.133355,0.027297,1.000000,3
proposed_disagreement_protocol,1820,1,817,1300,1244,520,139,1112,0,56,239,199,512,404.591700,232.523062,343.445874,0.448901,0.022760,0.956923,0.021574,0.267308,0.054607,0.211192,0.027899,0.670793,0.095467,0.610989,0.037153,0.000000,0.000000,0.030769,0.018556,0.832636,0.130845,0.222303,0.016690,0.127760,0.024501,1.000000,4
proposed_disagreement_protocol,1820,1,830,1300,1262,520,112,1041,0,66,238,194,479,402.583100,233.148167,333.602572,0.456044,0.025558,0.970769,0.012140,0.215385,0.025626,0.207215,0.025027,0.696456,0.098224,0.571978,0.035113,0.000000,0.000000,0.036264,0.020661,0.815126,0.153956,0.221200,0.018301,0.128103,0.027435,1.000000,5
proposed_disagreement_protocol,1820,1,798,1300,1267,520,126,1099,0,51,235,194,506,405.676150,235.308873,342.617619,0.438462,0.026933,0.974615,0.015190,0.242308,0.049048,0.217187,0.032802,0.677110,0.089630,0.603846,0.037381,0.000000,0.000000,0.028022,0.015860,0.825532,0.229757,0.222899,0.017719,0.129291,0.027536,1.000000,6
oracle_disagreement_type,1820,1,1820,1300,1299,520,69,1295,0,94,1081,834,0,317.961800,0.000000,0.000000,1.000000,0.000000,0.999231,0.001508,0.132692,0.041841,0.168243,0.019637,0.000000,0.000000,0.711538,0.040117,0.000000,0.000000,0.051648,0.022058,0.771508,0.035024,0.174704,0.021924,0.000000,0.000000,1.000000,0
oracle_disagreement_type,1820,1,1820,1300,1297,520,54,1305,0,68,1071,827,0,315.330500,0.000000,0.000000,1.000000,0.000000,0.997692,0.002500,0.103846,0.036931,0.144305,0.020811,0.000000,0.000000,0.717033,0.033018,0.000000,0.000000,0.037363,0.018149,0.772176,0.041369,0.173259,0.022484,0.000000,0.000000,1.000000,1
oracle_disagreement_type,1820,1,1820,1300,1298,520,66,1315,0,87,1080,842,0,317.351000,0.000000,0.000000,1.000000,0.000000,0.998462,0.002087,0.126923,0.058447,0.153073,0.021989,0.000000,0.000000,0.722527,0.033188,0.000000,0.000000,0.047802,0.023807,0.779630,0.030777,0.174369,0.022123,0.000000,0.000000,1.000000,2
oracle_disagreement_type,1820,1,1820,1300,1297,520,79,1283,0,94,1084,816,0,319.035000,0.000000,0.000000,1.000000,0.000000,0.997692,0.003315,0.151923,0.049129,0.146997,0.022568,0.000000,0.000000,0.704945,0.034447,0.000000,0.000000,0.051648,0.025800,0.752768,0.044113,0.175294,0.021598,0.000000,0.000000,1.000000,3
oracle_disagreement_type,1820,1,1820,1300,1300,520,67,1278,0,87,1076,795,0,317.561300,0.000000,0.000000,1.000000,0.000000,1.000000,0.000000,0.128846,0.041309,0.137694,0.019213,0.000000,0.000000,0.702198,0.031795,0.000000,0.000000,0.047802,0.021432,0.738848,0.045772,0.174484,0.022097,0.000000,0.000000,1.000000,4
oracle_disagreement_type,1820,1,1820,1300,1300,520,70,1258,0,85,1079,804,0,318.092900,0.000000,0.000000,1.000000,0.000000,1.000000,0.000000,0.134615,0.041670,0.149461,0.019761,0.000000,0.000000,0.691209,0.037468,0.000000,0.000000,0.046703,0.022301,0.745134,0.044768,0.174776,0.021959,0.000000,0.000000,1.000000,5
oracle_disagreement_type,1820,1,1820,1300,1299,520,72,1262,0,90,1081,801,0,318.315300,0.000000,0.000000,1.000000,0.000000,0.999231,0.001508,0.138462,0.039252,0.136689,0.020711,0.000000,0.000000,0.693407,0.030631,0.000000,0.000000,0.049451,0.022461,0.740981,0.035618,0.174899,0.021860,0.000000,0.000000,1.000000,6
